hg38:chr10:94645745	G
hg38:chr10:94761665	G
hg38:chr10:94761900	C
hg38:chr10:94762706	A
hg38:chr10:94762712	C
hg38:chr10:94762715	T
hg38:chr10:94762755	T
hg38:chr10:94762760	A
hg38:chr10:94762788	A
hg38:chr10:94762856	A
hg38:chr10:94775106	C
hg38:chr10:94775121	C
hg38:chr10:94775160	G
hg38:chr10:94775185	A
hg38:chr10:94775367	A
hg38:chr10:94775416	T
hg38:chr10:94775453	G
hg38:chr10:94775489	G
hg38:chr10:94775507	G
hg38:chr10:94780574	G
hg38:chr10:94780579	G
hg38:chr10:94780653	G
hg38:chr10:94781858	C
hg38:chr10:94781859	G
hg38:chr10:94781944	G
hg38:chr10:94781999	T
hg38:chr10:94842861	G
hg38:chr10:94842879	G
hg38:chr10:94842995	G
hg38:chr10:94849964	A
hg38:chr10:94849995	C
hg38:chr10:94852738	C
hg38:chr10:94852765	C
hg38:chr10:94852785	C
hg38:chr10:94852914	A
hg38:chr10:94936917	T
hg38:chr10:94938683	A
hg38:chr10:94938737	C
hg38:chr10:94938771	C
hg38:chr10:94938803	A
hg38:chr10:94938828	A
hg38:chr10:94941897	G
hg38:chr10:94941915	G
hg38:chr10:94941958	T
hg38:chr10:94941976	G
hg38:chr10:94941982	G
hg38:chr10:94942018	T
hg38:chr10:94942212	AAGAAATGGAA
hg38:chr10:94942216	A
hg38:chr10:94942230	C
hg38:chr10:94942231	G
hg38:chr10:94942233	C
hg38:chr10:94942234	G
hg38:chr10:94942249	C
hg38:chr10:94942254	C
hg38:chr10:94942255	G
hg38:chr10:94942290	C
hg38:chr10:94942291	G
hg38:chr10:94942305	G
hg38:chr10:94942309	G
hg38:chr10:94947782	C
hg38:chr10:94947785	C
hg38:chr10:94947869	A
hg38:chr10:94947907	A
hg38:chr10:94947917	T
hg38:chr10:94947938	A
hg38:chr10:94949129	A
hg38:chr10:94949144	C
hg38:chr10:94949217	A
hg38:chr10:94949280	A
hg38:chr10:94949281	GA
hg38:chr10:94949282	A
hg38:chr10:94972119	C
hg38:chr10:94972123	C
hg38:chr10:94972134	A
hg38:chr10:94972179	A
hg38:chr10:94972180	C
hg38:chr10:94972233	C
hg38:chr10:94981199	G
hg38:chr10:94981201	T
hg38:chr10:94981224	C
hg38:chr10:94981225	G
hg38:chr10:94981230	C
hg38:chr10:94981250	C
hg38:chr10:94981281	G
hg38:chr10:94981296	A
hg38:chr10:94981297	T
hg38:chr10:94981301	C
hg38:chr10:94981302	C
hg38:chr10:94981305	C
hg38:chr10:94981365	C
hg38:chr10:94981371	G
hg38:chr10:94986042	A
hg38:chr10:94986073	A
hg38:chr10:94988852	C
hg38:chr10:94988855	A
hg38:chr10:94988880	G
hg38:chr10:94988917	G
hg38:chr10:94988925	A
hg38:chr10:94988955	T
hg38:chr10:94988984	G
hg38:chr10:94989020	C
hg38:chr10:94989023	G
hg38:chr12:21130388	G
hg38:chr12:21172734	C
hg38:chr12:21172776	G
hg38:chr12:21172782	T
hg38:chr12:21174595	T
hg38:chr12:21176804	A
hg38:chr12:21176827	G
hg38:chr12:21176868	A
hg38:chr12:21176879	C
hg38:chr12:21176883	A
hg38:chr12:21178615	T
hg38:chr12:21178665	T
hg38:chr12:21178672	T
hg38:chr12:21178691	C
hg38:chr12:21178957	A
hg38:chr12:21196951	A
hg38:chr12:21196976	G
hg38:chr12:21200595	T
hg38:chr12:21202553	T
hg38:chr12:21202555	C
hg38:chr12:21202649	A
hg38:chr12:21202664	G
hg38:chr12:21205921	A
hg38:chr12:21205999	G
hg38:chr12:21239042	A
hg38:chr12:21239077	A
hg38:chr12:21239113	A
hg38:chr12:21239145	C
hg38:chr12:21239158	C
hg38:chr13:48037748	T
hg38:chr13:48037749	G
hg38:chr13:48037795	G
hg38:chr13:48037798	G
hg38:chr13:48037801	G
hg38:chr13:48037826	G
hg38:chr13:48037834	C
hg38:chr13:48037847	G
hg38:chr13:48037849	A
hg38:chr13:48037885	G
hg38:chr13:48037902	C
hg38:chr13:48040981	A
hg38:chr13:48041103	T
hg38:chr13:48041113	G
hg38:chr13:48045690	C
hg38:chr13:48045719	C
hg38:chr13:48045720	G
hg38:chr13:48045771	T
hg38:chr13:48045806	G
hg38:chr16:31096368	C
hg38:chr19:15879621	C
hg38:chr19:15897578	A
hg38:chr19:38440802	T
hg38:chr19:38440829	C
hg38:chr19:38444211	C
hg38:chr19:38444212	G
hg38:chr19:38446710	G
hg38:chr19:38448673	C
hg38:chr19:38448712	G
hg38:chr19:38451842	C
hg38:chr19:38451850	C
hg38:chr19:38455359	A
hg38:chr19:38455463	G
hg38:chr19:38455471	C
hg38:chr19:38455472	G
hg38:chr19:38455528	C
hg38:chr19:38457545	C
hg38:chr19:38457546	G
hg38:chr19:38494564	C
hg38:chr19:38494565	G
hg38:chr19:38494579	G
hg38:chr19:38496283	C
hg38:chr19:38499223	G
hg38:chr19:38499645	G
hg38:chr19:38499655	G
hg38:chr19:38499670	C
hg38:chr19:38499731	G
hg38:chr19:38499975	G
hg38:chr19:38499993	G
hg38:chr19:38499997	G
hg38:chr19:38500636	C
hg38:chr19:38500642	C
hg38:chr19:38500643	G
hg38:chr19:38500654	C
hg38:chr19:38500655	G
hg38:chr19:38500898	C
hg38:chr19:38500899	G
hg38:chr19:38512321	G
hg38:chr19:38543832	G
hg38:chr19:38580004	A
hg38:chr19:38580094	C
hg38:chr19:38580114	C
hg38:chr19:38580370	C
hg38:chr19:38580403	G
hg38:chr19:38580440	G
hg38:chr19:38584989	T
hg38:chr19:39248147	C
hg38:chr19:40991224	T
hg38:chr19:40991367	A
hg38:chr19:40991369	C
hg38:chr19:40991381	A
hg38:chr19:40991388	A
hg38:chr19:40991390	C
hg38:chr19:40991391	G
hg38:chr19:40991441	A
hg38:chr19:41004015	T
hg38:chr19:41004125	G
hg38:chr19:41004158	G
hg38:chr19:41004303	T
hg38:chr19:41004377	A
hg38:chr19:41004381	G
hg38:chr19:41004406	G
hg38:chr19:41006919	C
hg38:chr19:41006923	C
hg38:chr19:41006936	G
hg38:chr19:41006968	T
hg38:chr19:41007013	T
hg38:chr19:41009350	C
hg38:chr19:41009358	A
hg38:chr19:41010006	G
hg38:chr19:41010088	C
hg38:chr19:41010108	C
hg38:chr19:41012316	T
hg38:chr19:41012339	C
hg38:chr19:41012465	C
hg38:chr19:41012693	T
hg38:chr19:41012740	G
hg38:chr19:41012803	C
hg38:chr19:41016726	A
hg38:chr19:41016778	G
hg38:chr19:41016805	A
hg38:chr19:41016810	C
hg38:chr1:201060815	C
hg38:chr1:201091993	G
hg38:chr1:97078987	G
hg38:chr1:97078993	C
hg38:chr1:97079005	C
hg38:chr1:97079071	C
hg38:chr1:97079076	A
hg38:chr1:97079077	G
hg38:chr1:97079121	T
hg38:chr1:97079133	T
hg38:chr1:97079139	T
hg38:chr1:97082365	T
hg38:chr1:97082391	T
hg38:chr1:97098598	C
hg38:chr1:97098599	G
hg38:chr1:97098616	C
hg38:chr1:97098632	T
hg38:chr1:97193109	T
hg38:chr1:97193209	C
hg38:chr1:97234958	G
hg38:chr1:97234991	G
hg38:chr1:97235033	C
hg38:chr1:97305279	G
hg38:chr1:97305363	A
hg38:chr1:97305364	C
hg38:chr1:97305372	G
hg38:chr1:97306195	C
hg38:chr1:97373598	C
hg38:chr1:97373629	C
hg38:chr1:97382461	T
hg38:chr1:97450058	C
hg38:chr1:97450059	G
hg38:chr1:97450065	TG
hg38:chr1:97450066	G
hg38:chr1:97450068	A
hg38:chr1:97450168	A
hg38:chr1:97450187	C
hg38:chr1:97450189	C
hg38:chr1:97450190	G
hg38:chr1:97515686	T
hg38:chr1:97515687	G
hg38:chr1:97515784	C
hg38:chr1:97515787	A
hg38:chr1:97515839	T
hg38:chr1:97515851	C
hg38:chr1:97515865	C
hg38:chr1:97515889	G
hg38:chr1:97515923	C
hg38:chr1:97549565	C
hg38:chr1:97549600	T
hg38:chr1:97549609	G
hg38:chr1:97549681	G
hg38:chr1:97549713	G
hg38:chr1:97549726	G
hg38:chr1:97549735	G
hg38:chr1:97549850	A
hg38:chr1:97573785	A
hg38:chr1:97573805	C
hg38:chr1:97573821	C
hg38:chr1:97573839	A
hg38:chr1:97573863	C
hg38:chr1:97573881	C
hg38:chr1:97573918	C
hg38:chr1:97573919	G
hg38:chr1:97573943	C
hg38:chr1:97573985	A
hg38:chr1:97573998	C
hg38:chr1:97579893	G
hg38:chr1:97593238	T
hg38:chr1:97593289	G
hg38:chr1:97593322	C
hg38:chr1:97593343	C
hg38:chr1:97593379	C
hg38:chr1:97594925	A
hg38:chr1:97595083	G
hg38:chr1:97595088	A
hg38:chr1:97595149	T
hg38:chr1:97679004	G
hg38:chr1:97679054	A
hg38:chr1:97679170	T
hg38:chr1:97679300	T
hg38:chr1:97691776	G
hg38:chr1:97691806	G
hg38:chr1:97699212	C
hg38:chr1:97699399	T
hg38:chr1:97699430	T
hg38:chr1:97699474	T
hg38:chr1:97699506	C
hg38:chr1:97699533	C
hg38:chr1:97699535	T
hg38:chr1:97721542	T
hg38:chr1:97721650	T
hg38:chr1:97740400	C
hg38:chr1:97740410	G
hg38:chr1:97740414	AAGTA
hg38:chr1:97740602	C
hg38:chr1:97828265	C
hg38:chr1:97883329	A
hg38:chr1:97883352	C
hg38:chr1:97883353	G
hg38:chr1:97883368	G
hg38:chr22:42126578	C
hg38:chr22:42126605	G
hg38:chr22:42126611	C
hg38:chr22:42126623	G
hg38:chr22:42126624	C
hg38:chr22:42126627	A
hg38:chr22:42126633	C
hg38:chr22:42126634	A
hg38:chr22:42126635	T
hg38:chr22:42126636	G
hg38:chr22:42126647	C
hg38:chr22:42126657	C
hg38:chr22:42126660	T
hg38:chr22:42126663	G
hg38:chr22:42126681	G
hg38:chr22:42126697	G
hg38:chr22:42126719	C
hg38:chr22:42126735	C
hg38:chr22:42126746	C
hg38:chr22:42126747	G
hg38:chr22:42126749	C
hg38:chr22:42126752	C
hg38:chr22:42126877	G
hg38:chr22:42126896	G
hg38:chr22:42126914	C
hg38:chr22:42126926	G
hg38:chr22:42126938	C
hg38:chr22:42126956	T
hg38:chr22:42126980	T
hg38:chr22:42127457	C
hg38:chr22:42127473	C
hg38:chr22:42127512	C
hg38:chr22:42127514	A
hg38:chr22:42127523	A
hg38:chr22:42127526	C
hg38:chr22:42127533	C
hg38:chr22:42127556	T
hg38:chr22:42127565	T
hg38:chr22:42127589	C
hg38:chr22:42127590	G
hg38:chr22:42127593	G
hg38:chr22:42127602	C
hg38:chr22:42127608	C
hg38:chr22:42127610	T
hg38:chr22:42127611	C
hg38:chr22:42127619	T
hg38:chr22:42127631	C
hg38:chr22:42127803	C
hg38:chr22:42127841	C
hg38:chr22:42127845	G
hg38:chr22:42127852	C
hg38:chr22:42127856	T
hg38:chr22:42127899	T
hg38:chr22:42127922	A
hg38:chr22:42127938	T
hg38:chr22:42127941	G
hg38:chr22:42127962	T
hg38:chr22:42127973	T
hg38:chr22:42128173	C
hg38:chr22:42128181	A
hg38:chr22:42128185	C
hg38:chr22:42128200	C
hg38:chr22:42128212	G
hg38:chr22:42128217	G
hg38:chr22:42128218	G
hg38:chr22:42128235	G
hg38:chr22:42128241	C
hg38:chr22:42128248	C
hg38:chr22:42128272	T
hg38:chr22:42128308	C
hg38:chr22:42128325	A
hg38:chr22:42128329	G
hg38:chr22:42128351	C
hg38:chr22:42128795	A
hg38:chr22:42128812	A
hg38:chr22:42128817	C
hg38:chr22:42128848	C
hg38:chr22:42128878	C
hg38:chr22:42128879	A
hg38:chr22:42128903	T
hg38:chr22:42128936	A
hg38:chr22:42128945	C
hg38:chr22:42129033	C
hg38:chr22:42129036	A
hg38:chr22:42129037	G
hg38:chr22:42129042	T
hg38:chr22:42129056	C
hg38:chr22:42129071	T
hg38:chr22:42129075	C
hg38:chr22:42129083	C
hg38:chr22:42129087	G
hg38:chr22:42129098	T
hg38:chr22:42129113	A
hg38:chr22:42129132	C
hg38:chr22:42129134	G
hg38:chr22:42129155	C
hg38:chr22:42129166	A
hg38:chr22:42129174	C
hg38:chr22:42129180	A
hg38:chr22:42129183	C
hg38:chr22:42129759	C
hg38:chr22:42129765	T
hg38:chr22:42129770	G
hg38:chr22:42129771	T
hg38:chr22:42129779	A
hg38:chr22:42129780	C
hg38:chr22:42129809	T
hg38:chr22:42129819	G
hg38:chr22:42129821	G
hg38:chr22:42129827	C
hg38:chr22:42129836	G
hg38:chr22:42129887	A
hg38:chr22:42129906	G
hg38:chr22:42129910	C
hg38:chr22:42130655	A
hg38:chr22:42130667	C
hg38:chr22:42130668	C
hg38:chr22:42130692	G
hg38:chr22:42130710	G
hg38:chr22:42130715	C
hg38:chr22:42130719	G
hg38:chr22:42130727	A
hg38:chr22:42130761	C
hg38:chr22:42130773	C
hg38:chr22:42130778	G
hg38:chr2:233757013	T
hg38:chr2:233759924	C
hg38:chr2:233760233	CAT
hg38:chr2:233760498	G
hg38:chr2:233760973	C
hg38:chr6:18130687	T
hg38:chr6:18130694	T
hg38:chr6:18130725	A
hg38:chr6:18130729	C
hg38:chr6:18130758	A
hg38:chr6:18130762	C
hg38:chr6:18130772	A
hg38:chr6:18130781	C
hg38:chr6:18132136	A
hg38:chr6:18132147	A
hg38:chr6:18132163	C
hg38:chr6:18133845	T
hg38:chr6:18133847	C
hg38:chr6:18133870	A
hg38:chr6:18133884	G
hg38:chr6:18133887	T
hg38:chr6:18133890	C
hg38:chr6:18138969	C
hg38:chr6:18138970	G
hg38:chr6:18138983	G
hg38:chr6:18138997	C
hg38:chr6:18139027	C
hg38:chr6:18139689	C
hg38:chr6:18139710	G
hg38:chr6:18143597	T
hg38:chr6:18143606	T
hg38:chr6:18143613	C
hg38:chr6:18143622	C
hg38:chr6:18143643	A
hg38:chr6:18143700	C
hg38:chr6:18143718	G
hg38:chr6:18143724	C
hg38:chr6:18143728	C
hg38:chr6:18147838	G
hg38:chr6:18147845	C
hg38:chr6:18147851	G
hg38:chr6:18147856	A
hg38:chr6:18147910	A
hg38:chr6:18149004	G
hg38:chr6:18149022	C
hg38:chr6:18149032	C
hg38:chr6:18149045	T
hg38:chr6:18149126	A
hg38:chr6:18149127	T
hg38:chr7:117509035	G
hg38:chr7:117509069	C
hg38:chr7:117509089	C
hg38:chr7:117509123	G
hg38:chr7:117530953	G
hg38:chr7:117530955	C
hg38:chr7:117530974	C
hg38:chr7:117530975	G
hg38:chr7:117531115	G
hg38:chr7:117534318	G
hg38:chr7:117534363	G
hg38:chr7:117534366	G
hg38:chr7:117534368	A
hg38:chr7:117535285	T
hg38:chr7:117540230	C
hg38:chr7:117540270	G
hg38:chr7:117540285	G
hg38:chr7:117548795	C
hg38:chr7:117559589	CATC
hg38:chr7:117559590	ATCT
hg38:chr7:117559591	TCTT
hg38:chr7:117587738	G
hg38:chr7:117587778	G
hg38:chr7:117587799	A
hg38:chr7:117587800	G
hg38:chr7:117587801	T
hg38:chr7:117587805	G
hg38:chr7:117587806	G
hg38:chr7:117587811	C
hg38:chr7:117587833	G
hg38:chr7:117590409	A
hg38:chr7:117590440	G
hg38:chr7:117592218	AA
hg38:chr7:117594930	G
hg38:chr7:117602868	G
hg38:chr7:117603708	C
hg38:chr7:117606695	C
hg38:chr7:117606754	G
hg38:chr7:117611555	A
hg38:chr7:117611595	T
hg38:chr7:117611620	A
hg38:chr7:117611640	G
hg38:chr7:117611646	G
hg38:chr7:117611649	C
hg38:chr7:117611650	G
hg38:chr7:117611663	T
hg38:chr7:117614699	G
hg38:chr7:117627537	C
hg38:chr7:117627580	CC
hg38:chr7:117639961	C
hg38:chr7:117642451	G
hg38:chr7:117642472	G
hg38:chr7:117642483	T
hg38:chr7:117642528	G
hg38:chr7:117642566	G
hg38:chr7:117652877	C
hg38:chr7:117664770	G
hg38:chr7:99652613	G
hg38:chr7:99652770	T
hg38:chr7:99660516	C
hg38:chr7:99665212	C
hg38:chr7:99665237	T
hg38:chr7:99666950	A
hg38:chr7:99672916	T
hg38:chr7:99676198	G