{
  "objCls" : "Guideline",
  "@id" : "https://www.pharmgkb.org/data/guideline/PA166105008",
  "@context" : "https://www.pharmgkb.org/jsonld/guideline.jsonld",
  "id" : "PA166105008",
  "name" : "CPIC Guideline for carbamazepine and HLA-B",
  "groups" : [ {
    "objCls" : "DosingGuidelineAnnotationGroup",
    "@id" : "https://www.pharmgkb.org/data/dosingGuidelineAnnotationGroup/PA166128788",
    "@context" : "https://www.pharmgkb.org/jsonld/dosingGuidelineAnnotationGroup.jsonld",
    "id" : "PA166128788",
    "name" : "HLA-B*15:02 Carrier",
    "annotations" : [ {
      "id" : 1445583417,
      "text" : "Increased risk of carbamazepine-associated cutaneous adverse reactions",
      "textHtml" : "<p>Increased risk of carbamazepine-associated cutaneous adverse reactions</p>",
      "type" : {
        "@id" : "https://www.pharmgkb.org/data/ontologyTerm/guidelineTags/guidelineTags:981501925",
        "@context" : "https://www.pharmgkb.org/jsonld/ontologyTerm.jsonld",
        "id" : 981501925,
        "src" : "guidelineTags",
        "term" : "Implications",
        "termId" : "guidelineTags:981501925"
      }
    }, {
      "id" : 1445583416,
      "text" : "Significantly increased risk of carbamazepine-associated cutaneous adverse reactions due to the presence of at least one HLA-B*15:02 allele (often reported as \"positive\" on a genotyping test)",
      "textHtml" : "<p>Significantly increased risk of carbamazepine-associated cutaneous adverse reactions due to the presence of at least one HLA-B*15:02 allele (often reported as \"positive\" on a genotyping test)</p>",
      "type" : {
        "@id" : "https://www.pharmgkb.org/data/ontologyTerm/guidelineTags/guidelineTags:981501927",
        "@context" : "https://www.pharmgkb.org/jsonld/ontologyTerm.jsonld",
        "id" : 981501927,
        "src" : "guidelineTags",
        "term" : "Phenotype (Genotype)",
        "termId" : "guidelineTags:981501927"
      }
    }, {
      "id" : 1445583418,
      "text" : "A. If patient is carbamazepine-naive, do not use carbamazepine\r\nB. (Optional) If patient has previously used carbamazepine for longer than 3 months without incidence of cutaneous adverse reactions, cautiously consider use of carbamazepine",
      "textHtml" : "<p>A. If patient is carbamazepine-naive, do not use carbamazepine<br/>B. (Optional) If patient has previously used carbamazepine for longer than 3 months without incidence of cutaneous adverse reactions, cautiously consider use of carbamazepine</p>",
      "type" : {
        "@id" : "https://www.pharmgkb.org/data/ontologyTerm/guidelineTags/guidelineTags:981501928",
        "@context" : "https://www.pharmgkb.org/jsonld/ontologyTerm.jsonld",
        "id" : 981501928,
        "src" : "guidelineTags",
        "term" : "Recommendations",
        "termId" : "guidelineTags:981501928"
      }
    } ],
    "genotypes" : [ "HLA-B:*15:02:01/*15:02:01", "HLA-B:*15:02:01/Other" ],
    "strength" : {
      "@id" : "https://www.pharmgkb.org/data/ontologyTerm/guidelineStrength/guidelineStrength:981501930",
      "@context" : "https://www.pharmgkb.org/jsonld/ontologyTerm.jsonld",
      "id" : 981501930,
      "src" : "guidelineStrength",
      "term" : "Strong",
      "termId" : "guidelineStrength:981501930"
    }
  }, {
    "objCls" : "DosingGuidelineAnnotationGroup",
    "@id" : "https://www.pharmgkb.org/data/dosingGuidelineAnnotationGroup/PA166128789",
    "@context" : "https://www.pharmgkb.org/jsonld/dosingGuidelineAnnotationGroup.jsonld",
    "id" : "PA166128789",
    "name" : "Not Carrier",
    "annotations" : [ {
      "id" : 1445583426,
      "text" : "Normal or reduced risk of carbamazepine-associated cutaneous adverse reactions",
      "textHtml" : "<p>Normal or reduced risk of carbamazepine-associated cutaneous adverse reactions</p>",
      "type" : {
        "@id" : "https://www.pharmgkb.org/data/ontologyTerm/guidelineTags/guidelineTags:981501925",
        "@context" : "https://www.pharmgkb.org/jsonld/ontologyTerm.jsonld",
        "id" : 981501925,
        "src" : "guidelineTags",
        "term" : "Implications",
        "termId" : "guidelineTags:981501925"
      }
    }, {
      "id" : 1445583425,
      "text" : "\"Normal\" or reduced risk of carbamazepine-associated cutaneous adverse reactions in the absence of HLA-B*15:02 alleles (often reported as \"negative\" on a genotyping test)",
      "textHtml" : "<p>\"Normal\" or reduced risk of carbamazepine-associated cutaneous adverse reactions in the absence of HLA-B*15:02 alleles (often reported as \"negative\" on a genotyping test)</p>",
      "type" : {
        "@id" : "https://www.pharmgkb.org/data/ontologyTerm/guidelineTags/guidelineTags:981501927",
        "@context" : "https://www.pharmgkb.org/jsonld/ontologyTerm.jsonld",
        "id" : 981501927,
        "src" : "guidelineTags",
        "term" : "Phenotype (Genotype)",
        "termId" : "guidelineTags:981501927"
      }
    }, {
      "id" : 1445583427,
      "text" : "Use carbamazepine per standard dosing guidelines",
      "textHtml" : "<p>Use carbamazepine per standard dosing guidelines</p>",
      "type" : {
        "@id" : "https://www.pharmgkb.org/data/ontologyTerm/guidelineTags/guidelineTags:981501928",
        "@context" : "https://www.pharmgkb.org/jsonld/ontologyTerm.jsonld",
        "id" : 981501928,
        "src" : "guidelineTags",
        "term" : "Recommendations",
        "termId" : "guidelineTags:981501928"
      }
    } ],
    "genotypes" : [ "HLA-B:Other/Other" ],
    "strength" : {
      "@id" : "https://www.pharmgkb.org/data/ontologyTerm/guidelineStrength/guidelineStrength:981501930",
      "@context" : "https://www.pharmgkb.org/jsonld/ontologyTerm.jsonld",
      "id" : 981501930,
      "src" : "guidelineStrength",
      "term" : "Strong",
      "termId" : "guidelineStrength:981501930"
    }
  } ],
  "relatedChemicals" : [ {
    "objCls" : "Chemical",
    "@id" : "https://www.pharmgkb.org/data/chemical/PA448785",
    "@context" : "https://www.pharmgkb.org/jsonld/chemical.jsonld",
    "id" : "PA448785",
    "name" : "carbamazepine"
  } ],
  "relatedGenes" : [ {
    "objCls" : "Gene",
    "@id" : "https://www.pharmgkb.org/data/gene/PA35056",
    "@context" : "https://www.pharmgkb.org/jsonld/gene.jsonld",
    "id" : "PA35056",
    "symbol" : "HLA-B",
    "name" : "major histocompatibility complex, class I, B"
  } ],
  "source" : "CPIC",
  "summaryHtml" : "<p>Carbamazepine is not recommended for carbamazepine-naive individuals who have at least one copy of the HLA-B*15:02 allele.</p>",
  "textHtml" : "<h3 id=\"September2013\">September 2013</h3><p><em>Accepted article preview online May 2013; Advance online publication June 2013.</em></p><ul><li>Guidelines regarding the use of pharmacogenomic tests in dosing for carbamazepine have been published in Clinical Pharmacology and Therapeutics by the Clinical Pharmacogenetics Implementation Consortium (<a href=\"/contributors/consortia/cpic_profile.jsp\">CPIC</a>).</li><li>Excerpt from the 2013 carbamazepine dosing guidelines:<ul><li>\"Human leukocyte antigen B (<em>HLA-B</em>) is a gene that encodes a cell surface protein involved in presenting antigens to the immune system.  The variant allele <em>HLA-B*15:02</em> is associated with an increased risk of Stevens-Johnson Syndrome (SJS) and toxic epidermal necrolysis (TEN) in response to carbamazepine treatment.   We summarize evidence from the published literature supporting this association and provide recommendations for the use of carbamazepine based on <em>HLA-B</em> genotype.\" </li></ul></li><li>Download and read:<ul><li><a href=\"/redirect.jsp?p=https%3A%2F%2Fgithub.com%2FPharmGKB%2Fcpic-guidelines%2Fraw%2Fmaster%2Fcarbamazepine%2F2013%2F23695185.pdf\" target=\"offsite\">Clinical Pharmacogenetics Implementation Consortium Guidelines for <em>HLA-B</em> Genotype and Carbamazepine Dosing</a> </li><li><a href=\"/redirect.jsp?p=https%3A%2F%2Fgithub.com%2FPharmGKB%2Fcpic-guidelines%2Fraw%2Fmaster%2Fcarbamazepine%2F2013%2F23695185-supplement.pdf\" target=\"offsite\">2013 supplement</a>. </li></ul></li></ul><h3 id=\"Table1CarbamazepinetherapyrecommendationsbasedonHLABgenotype\">Table 1: Carbamazepine therapy recommendations based on <em>HLA-B</em> genotype</h3><p><em>Adapted from Tables 1 and 2 of the 2013 guideline manuscript.</em></p><table class=\"table table-striped table-condensed table-hover table-bordered\"><tr><th>Likely phenotype</th><th>Genotypes</th><th>Examples of Diplotypes</th><th>Phenotypic Implications</th><th>Therapeutic Recommendations</th><th>Classification of Recommendation <sup>a</sup></th></tr><tr><td>Homozygous for an allele other than <em>*15:02</em>; at \"normal\" or reduced risk of carbamazepine-associated cutaneous adverse reactions</td><td>Non-carrier of <em>HLA-B*15:02</em>.  No <em>*15:02</em> alleles reported, often reported as \"negative\" on a genotyping test.</td><td>*X/*X <sup>b</sup></td><td>Normal or reduced risk of carbamazepine-associated cutaneous adverse reactions</td><td>Use carbamazepine per standard dosing guidelines</td><td>Strong</td></tr><tr><td>Heterozygote or homozygous variant; at significantly increased risk of carbamazepine-associated cutaneous adverse reactions</td><td>Carrier of <em>HLA-B*15:02</em>.  One or two <em>*15:02</em> alleles, often reported as \"positive\" on a genotyping test.</td><td><em>*15:02</em>/*X <sup>b</sup> <em>*15:02/*15:02</em></td><td>Increased risk of carbamazepine-associated cutaneous adverse reactions</td><td>A. If patient is carbamazepine-naive, do not use carbamazepine <sup>c</sup> <br/>B. If patient has previously used carbamazepine for longer than 3 months without incidence of cutaneous adverse reactions, cautiously consider use of carbamazepine</td><td>A. Strong <br/>B. Optional</td></tr></table><p><sup>a</sup> Rating scheme described in the 2013 supplement (see above)</p><p><sup>b</sup> *X = any <em>HLA-B</em> genotype other than <em>*15:02</em><br/><em>HLA-B</em> = human leukocyte antigen B</p><p><sup>c</sup> Alternative medications such as phenytoin, fosphenytoin, oxcarbazepine, eslicarbazepine acetate, and lamotrigine have some evidence linking serious cADRs with the HLA-B*15:02 allele and thus caution should be used in choosing alternatives to carbamazepine (see <a href=\"/redirect.jsp?p=https%3A%2F%2Fgithub.com%2FPharmGKB%2Fcpic-guidelines%2Fraw%2Fmaster%2Fcarbamazepine%2F2013%2F23695185-supplement.pdf\" target=\"offsite\">supplement</a> for details).</p>"
}