{
  "objCls" : "Guideline",
  "@id" : "https://www.pharmgkb.org/data/guideline/PA166128738",
  "@context" : "https://www.pharmgkb.org/jsonld/guideline.jsonld",
  "id" : "PA166128738",
  "name" : "CPIC Guideline for atazanavir and UGT1A1",
  "groups" : [ {
    "objCls" : "DosingGuidelineAnnotationGroup",
    "@id" : "https://www.pharmgkb.org/data/dosingGuidelineAnnotationGroup/PA166128739",
    "@context" : "https://www.pharmgkb.org/jsonld/dosingGuidelineAnnotationGroup.jsonld",
    "id" : "PA166128739",
    "name" : "Extensive Metabolizer",
    "annotations" : [ {
      "id" : 1445558348,
      "text" : "Reference UGT1A1 activity; very low likelihood of bilirubin-related discontinuation of atazanavir.",
      "textHtml" : "<p>Reference UGT1A1 activity; very low likelihood of bilirubin-related discontinuation of atazanavir.</p>",
      "type" : {
        "@id" : "https://www.pharmgkb.org/data/ontologyTerm/guidelineTags/guidelineTags:981501925",
        "@context" : "https://www.pharmgkb.org/jsonld/ontologyTerm.jsonld",
        "id" : 981501925,
        "src" : "guidelineTags",
        "term" : "Implications",
        "termId" : "guidelineTags:981501925"
      }
    }, {
      "id" : 1445558347,
      "text" : "An individual carrying 2 reference function and/or increased function alleles; or individuals of genotype CC at rs887829",
      "textHtml" : "<p>An individual carrying 2 reference function and/or increased function alleles; or individuals of genotype CC at rs887829</p>",
      "type" : {
        "@id" : "https://www.pharmgkb.org/data/ontologyTerm/guidelineTags/guidelineTags:981501927",
        "@context" : "https://www.pharmgkb.org/jsonld/ontologyTerm.jsonld",
        "id" : 981501927,
        "src" : "guidelineTags",
        "term" : "Phenotype (Genotype)",
        "termId" : "guidelineTags:981501927"
      }
    }, {
      "id" : 1445558349,
      "text" : "There is no need to avoid prescribing of atazanavir based on _UGT1A1_ genetic test result.",
      "textHtml" : "<p>There is no need to avoid prescribing of atazanavir based on <em>UGT1A1</em> genetic test result.</p>",
      "type" : {
        "@id" : "https://www.pharmgkb.org/data/ontologyTerm/guidelineTags/guidelineTags:981501928",
        "@context" : "https://www.pharmgkb.org/jsonld/ontologyTerm.jsonld",
        "id" : 981501928,
        "src" : "guidelineTags",
        "term" : "Recommendations",
        "termId" : "guidelineTags:981501928"
      }
    } ],
    "genotypes" : [ "UGT1A1:*1/*1", "UGT1A1:*1/*36", "UGT1A1:*36/*36" ],
    "strength" : {
      "@id" : "https://www.pharmgkb.org/data/ontologyTerm/guidelineStrength/guidelineStrength:981501930",
      "@context" : "https://www.pharmgkb.org/jsonld/ontologyTerm.jsonld",
      "id" : 981501930,
      "src" : "guidelineStrength",
      "term" : "Strong",
      "termId" : "guidelineStrength:981501930"
    }
  }, {
    "objCls" : "DosingGuidelineAnnotationGroup",
    "@id" : "https://www.pharmgkb.org/data/dosingGuidelineAnnotationGroup/PA166128740",
    "@context" : "https://www.pharmgkb.org/jsonld/dosingGuidelineAnnotationGroup.jsonld",
    "id" : "PA166128740",
    "name" : "Intermediate Metabolizer",
    "annotations" : [ {
      "id" : 1445558351,
      "text" : "Somewhat decreased UGT1A1 activity; low likelihood of bilirubin- related discontinuation of atazanavir.",
      "textHtml" : "<p>Somewhat decreased UGT1A1 activity; low likelihood of bilirubin- related discontinuation of atazanavir.</p>",
      "type" : {
        "@id" : "https://www.pharmgkb.org/data/ontologyTerm/guidelineTags/guidelineTags:981501925",
        "@context" : "https://www.pharmgkb.org/jsonld/ontologyTerm.jsonld",
        "id" : 981501925,
        "src" : "guidelineTags",
        "term" : "Implications",
        "termId" : "guidelineTags:981501925"
      }
    }, {
      "id" : 1445558352,
      "text" : "An individual carrying one reference function (*1) or increased function allele (*36) plus one decreased function allele (*6, *28, *37). Alternatively identified by heterozygosity for rs887829 C/T.",
      "textHtml" : "<p>An individual carrying one reference function (*1) or increased function allele (*36) plus one decreased function allele (*6, *28, *37). Alternatively identified by heterozygosity for <a href=\"/rsid/rs887829\">rs887829</a> C/T.</p>",
      "type" : {
        "@id" : "https://www.pharmgkb.org/data/ontologyTerm/guidelineTags/guidelineTags:981501927",
        "@context" : "https://www.pharmgkb.org/jsonld/ontologyTerm.jsonld",
        "id" : 981501927,
        "src" : "guidelineTags",
        "term" : "Phenotype (Genotype)",
        "termId" : "guidelineTags:981501927"
      }
    }, {
      "id" : 1445558353,
      "text" : "There is no need to avoid prescribing of atazanavir based on _UGT1A1_ genetic test result. Inform the patient that some patients stop atazanavir because of jaundice (yellow eyes and skin), but that this patient’s genotype makes this unlikely (less than about a 1 in 20 chance of stopping atazanavir because of jaundice).",
      "textHtml" : "<p>There is no need to avoid prescribing of atazanavir based on <em>UGT1A1</em> genetic test result. Inform the patient that some patients stop atazanavir because of jaundice (yellow eyes and skin), but that this patient’s genotype makes this unlikely (less than about a 1 in 20 chance of stopping atazanavir because of jaundice).</p>",
      "type" : {
        "@id" : "https://www.pharmgkb.org/data/ontologyTerm/guidelineTags/guidelineTags:981501928",
        "@context" : "https://www.pharmgkb.org/jsonld/ontologyTerm.jsonld",
        "id" : 981501928,
        "src" : "guidelineTags",
        "term" : "Recommendations",
        "termId" : "guidelineTags:981501928"
      }
    } ],
    "genotypes" : [ "UGT1A1:*1/*28", "UGT1A1:*1/*37", "UGT1A1:*1/*6", "UGT1A1:*1/*80", "UGT1A1:*28/*36", "UGT1A1:*36/*37", "UGT1A1:*36/*6", "UGT1A1:*36/*80" ],
    "strength" : {
      "@id" : "https://www.pharmgkb.org/data/ontologyTerm/guidelineStrength/guidelineStrength:981501930",
      "@context" : "https://www.pharmgkb.org/jsonld/ontologyTerm.jsonld",
      "id" : 981501930,
      "src" : "guidelineStrength",
      "term" : "Strong",
      "termId" : "guidelineStrength:981501930"
    }
  }, {
    "objCls" : "DosingGuidelineAnnotationGroup",
    "@id" : "https://www.pharmgkb.org/data/dosingGuidelineAnnotationGroup/PA166128741",
    "@context" : "https://www.pharmgkb.org/jsonld/dosingGuidelineAnnotationGroup.jsonld",
    "id" : "PA166128741",
    "name" : "Poor Metabolizer",
    "annotations" : [ {
      "id" : 1445558354,
      "text" : "Markedly decreased UGT1A1 activity; high likelihood of bilirubin- related discontinuation of atazanavir.",
      "textHtml" : "<p>Markedly decreased UGT1A1 activity; high likelihood of bilirubin- related discontinuation of atazanavir.</p>",
      "type" : {
        "@id" : "https://www.pharmgkb.org/data/ontologyTerm/guidelineTags/guidelineTags:981501925",
        "@context" : "https://www.pharmgkb.org/jsonld/ontologyTerm.jsonld",
        "id" : 981501925,
        "src" : "guidelineTags",
        "term" : "Implications",
        "termId" : "guidelineTags:981501925"
      }
    }, {
      "id" : 1445558355,
      "text" : "An individual carrying two decreased function alleles (*6, *28, *37). Alternatively identified by homozygosity for rs887829 T/T (*80/*80).",
      "textHtml" : "<p>An individual carrying two decreased function alleles (*6, *28, *37). Alternatively identified by homozygosity for <a href=\"/rsid/rs887829\">rs887829</a> T/T (*80/*80).</p>",
      "type" : {
        "@id" : "https://www.pharmgkb.org/data/ontologyTerm/guidelineTags/guidelineTags:981501927",
        "@context" : "https://www.pharmgkb.org/jsonld/ontologyTerm.jsonld",
        "id" : 981501927,
        "src" : "guidelineTags",
        "term" : "Phenotype (Genotype)",
        "termId" : "guidelineTags:981501927"
      }
    }, {
      "id" : 1445558356,
      "text" : "Consider an alternative agent particularly where jaundice would be of concern to the patient. If atazanavir is to be prescribed, there is a high likelihood of developing jaundice that will result in atazanavir discontinuation (at least 20% and as high as 60%). Homozygosity for _UGT1A1_ *6, which occurs almost exclusively in individuals of Asian descent, is associated with Gilbert syndrome. However, at this time, it is unclear if patients with this diplotype are at increased risk of severe atazanavir-associated hyperbilirubinemia.",
      "textHtml" : "<p>Consider an alternative agent particularly where jaundice would be of concern to the patient. If atazanavir is to be prescribed, there is a high likelihood of developing jaundice that will result in atazanavir discontinuation (at least 20% and as high as 60%). Homozygosity for <em>UGT1A1</em> *6, which occurs almost exclusively in individuals of Asian descent, is associated with Gilbert syndrome. However, at this time, it is unclear if patients with this diplotype are at increased risk of severe atazanavir-associated hyperbilirubinemia.</p>",
      "type" : {
        "@id" : "https://www.pharmgkb.org/data/ontologyTerm/guidelineTags/guidelineTags:981501928",
        "@context" : "https://www.pharmgkb.org/jsonld/ontologyTerm.jsonld",
        "id" : 981501928,
        "src" : "guidelineTags",
        "term" : "Recommendations",
        "termId" : "guidelineTags:981501928"
      }
    } ],
    "genotypes" : [ "UGT1A1:*28/*28", "UGT1A1:*28/*37", "UGT1A1:*28/*6", "UGT1A1:*28/*80", "UGT1A1:*37/*37", "UGT1A1:*37/*6", "UGT1A1:*37/*80", "UGT1A1:*6/*6", "UGT1A1:*6/*80", "UGT1A1:*80/*80" ],
    "strength" : {
      "@id" : "https://www.pharmgkb.org/data/ontologyTerm/guidelineStrength/guidelineStrength:981501930",
      "@context" : "https://www.pharmgkb.org/jsonld/ontologyTerm.jsonld",
      "id" : 981501930,
      "src" : "guidelineStrength",
      "term" : "Strong",
      "termId" : "guidelineStrength:981501930"
    }
  } ],
  "relatedChemicals" : [ {
    "objCls" : "Chemical",
    "@id" : "https://www.pharmgkb.org/data/chemical/PA10251",
    "@context" : "https://www.pharmgkb.org/jsonld/chemical.jsonld",
    "id" : "PA10251",
    "name" : "atazanavir"
  } ],
  "relatedGenes" : [ {
    "objCls" : "Gene",
    "@id" : "https://www.pharmgkb.org/data/gene/PA420",
    "@context" : "https://www.pharmgkb.org/jsonld/gene.jsonld",
    "id" : "PA420",
    "symbol" : "UGT1A1",
    "name" : "UDP glucuronosyltransferase 1 family, polypeptide A1"
  } ],
  "source" : "CPIC",
  "summaryHtml" : "<p>The CPIC dosing guideline recommends considering advising individuals who carry two decreased function <em>UGT1A1</em> alleles about a substantial likelihood of developing jaundice, which may cause non-adherence. The dosing guideline recommends that alternative agents be considered if the risk of non-adherence due to jaundice is high. The risk of discontinuation is low and very low for individuals carrying one, or no decreased function <em>UGT1A1</em> alleles, respectively. </p>",
  "textHtml" : "<h3 id=\"September252015\">September 25, 2015</h3><p><em>Advance online publication September 2015</em></p><ul><li>Guidelines regarding the use of pharmacogenomic tests in determining whether atazanavir treatment should be undertaken have been published in Clinical Pharmacology and Therapeutics by the Clinical Pharmacogenetics Implementation Consortium (<a href=\"/contributors/consortia/cpic_profile.jsp\">CPIC</a>).</li></ul><ul><li>These guidelines are applicable to:<ul><li>Adults</li><li>At the time of this writing there are no pediatric data regarding associations between <em>UGT1A1</em> genotypes and likelihood of bilirubin-related discontinuation of atazanavir. However, <em>UGT1A1</em> genotypes are expected to affect atazanavir-related hyperbilirubinemia similarly in adults and children. Therefore, recommendations for adults may be directly adapted to pediatric patients.</li></ul></li></ul><p><em>Advance online publication (2015)</em></p><ul><li>Download and read:<ul><li><a href=\"/redirect.jsp?p=https%3A%2F%2Fgithub.com%2FPharmGKB%2Fcpic-guidelines%2Fraw%2Fmaster%2Fatazanavir%2F2015%2F26417955.pdf\" target=\"offsite\">Clinical Pharmacogenetics Implementation Consortium Guidelines for Atazanavir and <em>UGT1A1</em> Prescribing</a>.</li><li><a href=\"/redirect.jsp?p=https%3A%2F%2Fgithub.com%2FPharmGKB%2Fcpic-guidelines%2Fraw%2Fmaster%2Fatazanavir%2F2015%2F26417955-supplement.pdf\" target=\"offsite\">2015 Supplement</a></li><li><a href=\"/redirect.jsp?p=https%3A%2F%2Fgithub.com%2FPharmGKB%2Fcpic-guidelines%2Fraw%2Fmaster%2Fatazanavir%2F2015%2F26417955-UGT1A1_allele_frequency.xlsx\" target=\"offsite\">UGT1A1 Allele Frequencies</a></li></ul></li></ul><h3 id=\"Table1RecommendedtherapeuticuseofatazanavirbasedonUGT1A1genotype\">Table 1: Recommended therapeutic use of atazanavir based on <em>UGT1A1</em> genotype</h3><p><em>Adapted from Tables 1 and 2 of the 2015 guideline manuscript.</em></p><table class=\"table table-striped table-condensed table-hover table-bordered\"><tr><th>Likely phenotype</th><th>Genotypes</th><th>Examples of diplotypes</th><th>Implications for phenotypic measures</th><th>Recommendations for atazanavir therapy</th><th>Classification of recommendation for atazanavir therapy</th></tr><tr><td>Extensive Metabolizer</td><td>An individual carrying 2 reference <sup>b</sup> function and/or increased function alleles; or individuals of genotype CC at <a href=\"/rsid/rs887829\">rs887829</a></td><td>*1/*1; *1/*36; *36/*36; <a href=\"/rsid/rs887829\">rs887829</a> CC</td><td>Reference <sup>c</sup> UGT1A1 activity; very low likelihood of bilirubin-related discontinuation of atazanavir.</td><td>There is no need to avoid prescribing of atazanavir based on <em>UGT1A1</em> genetic test result.</td><td>Strong</td></tr><tr><td>Intermediate Metabolizer</td><td>An individual carrying one reference <sup>b</sup> function (*1) <sup>c</sup> or increased function allele (*36) plus one decreased function allele (*6, *28, *37). Alternatively identified by heterozygosity for <a href=\"/rsid/rs887829\">rs887829</a> C/T.</td><td>*1/*28; *1/*37; *36/*28; *36/*37; <a href=\"/rsid/rs887829\">rs887829</a> C/T, *1/*6</td><td>Somewhat decreased UGT1A1 activity; low likelihood of bilirubin-related discontinuation of atazanavir.</td><td>There is no need to avoid prescribing of atazanavir based on <em>UGT1A1</em> genetic test result. Inform the patient that some patients stop atazanavir because of jaundice (yellow eyes and skin), but that this patient’s genotype makes this unlikely</td><td>Strong</td></tr><tr><td>Poor Metabolizer</td><td>An individual carrying two decreased function alleles (*6, *28, *37). Alternatively identified by homozygosity for <a href=\"/rsid/rs887829\">rs887829</a> T/T (*80/*80)</td><td>*28/*28; *28/*37; *37/*37; <a href=\"/rsid/rs887829\">rs887829</a> T/T (*80/*80), *6/*6 <sup>a</sup></td><td>Markedly decreased UGT1A1 activity; high likelihood of bilirubin-related discontinuation of atazanavir.</td><td>Consider an alternative agent particularly where jaundice would be of concern to the patient.</td><td>Strong</td></tr></table><p><sup>a</sup> Homozygosity for UGT1A1*6, which occurs almost exclusively in individuals of Asian descent, is associated with Gilbert syndrome. However, at this time, it is unclear if patients with this diplotype are at increased risk of severe atazanavir-associated hyperbilirubinemia.</p><p><sup>b</sup> “reference” function refers to the UGT1A1 alleles to which other alleles are compared.</p><p><sup>c</sup> The reference function *1 allele is a fully functional refers to the <a href=\"/rsid/rs8175347\">rs8175347</a> TA6 allele.</p>"
}