{
  "objCls" : "Guideline",
  "@id" : "https://www.pharmgkb.org/data/guideline/PA166104948",
  "@context" : "https://www.pharmgkb.org/jsonld/guideline.jsonld",
  "id" : "PA166104948",
  "name" : "CPIC Guideline for clopidogrel and CYP2C19",
  "groups" : [ {
    "objCls" : "DosingGuidelineAnnotationGroup",
    "@id" : "https://www.pharmgkb.org/data/dosingGuidelineAnnotationGroup/PA166128755",
    "@context" : "https://www.pharmgkb.org/jsonld/dosingGuidelineAnnotationGroup.jsonld",
    "id" : "PA166128755",
    "name" : "Extensive",
    "annotations" : [ {
      "id" : 1445561035,
      "text" : "Normal platelet inhibition; normal residual platelet aggregation",
      "textHtml" : "<p>Normal platelet inhibition; normal residual platelet aggregation</p>",
      "type" : {
        "@id" : "https://www.pharmgkb.org/data/ontologyTerm/guidelineTags/guidelineTags:981501925",
        "@context" : "https://www.pharmgkb.org/jsonld/ontologyTerm.jsonld",
        "id" : 981501925,
        "src" : "guidelineTags",
        "term" : "Implications",
        "termId" : "guidelineTags:981501925"
      }
    }, {
      "id" : 1445561036,
      "text" : "Extensive metabolizer (EM)\r\n(~35-50% of patients)",
      "textHtml" : "<p>Extensive metabolizer (EM)<br/>(~35-50% of patients)</p>",
      "type" : {
        "@id" : "https://www.pharmgkb.org/data/ontologyTerm/guidelineTags/guidelineTags:981501926",
        "@context" : "https://www.pharmgkb.org/jsonld/ontologyTerm.jsonld",
        "id" : 981501926,
        "src" : "guidelineTags",
        "term" : "Metabolizer Status",
        "termId" : "guidelineTags:981501926"
      }
    }, {
      "id" : 1445561034,
      "text" : "An individual carrying two functional (*1) alleles",
      "textHtml" : "<p>An individual carrying two functional (*1) alleles</p>",
      "type" : {
        "@id" : "https://www.pharmgkb.org/data/ontologyTerm/guidelineTags/guidelineTags:981501927",
        "@context" : "https://www.pharmgkb.org/jsonld/ontologyTerm.jsonld",
        "id" : 981501927,
        "src" : "guidelineTags",
        "term" : "Phenotype (Genotype)",
        "termId" : "guidelineTags:981501927"
      }
    }, {
      "id" : 1445561037,
      "text" : "Clopidogrel - label recommended dosage and administration",
      "textHtml" : "<p>Clopidogrel - label recommended dosage and administration</p>",
      "type" : {
        "@id" : "https://www.pharmgkb.org/data/ontologyTerm/guidelineTags/guidelineTags:981501928",
        "@context" : "https://www.pharmgkb.org/jsonld/ontologyTerm.jsonld",
        "id" : 981501928,
        "src" : "guidelineTags",
        "term" : "Recommendations",
        "termId" : "guidelineTags:981501928"
      }
    } ],
    "genotypes" : [ "CYP2C19:*1/*1" ],
    "strength" : {
      "@id" : "https://www.pharmgkb.org/data/ontologyTerm/guidelineStrength/guidelineStrength:981501930",
      "@context" : "https://www.pharmgkb.org/jsonld/ontologyTerm.jsonld",
      "id" : 981501930,
      "src" : "guidelineStrength",
      "term" : "Strong",
      "termId" : "guidelineStrength:981501930"
    }
  }, {
    "objCls" : "DosingGuidelineAnnotationGroup",
    "@id" : "https://www.pharmgkb.org/data/dosingGuidelineAnnotationGroup/PA166128756",
    "@context" : "https://www.pharmgkb.org/jsonld/dosingGuidelineAnnotationGroup.jsonld",
    "id" : "PA166128756",
    "name" : "Intermediate",
    "annotations" : [ {
      "id" : 1445561039,
      "text" : "Reduced platelet inhibition; increased residual platelet aggregation; increased risk for adverse cardiovascular events",
      "textHtml" : "<p>Reduced platelet inhibition; increased residual platelet aggregation; increased risk for adverse cardiovascular events</p>",
      "type" : {
        "@id" : "https://www.pharmgkb.org/data/ontologyTerm/guidelineTags/guidelineTags:981501925",
        "@context" : "https://www.pharmgkb.org/jsonld/ontologyTerm.jsonld",
        "id" : 981501925,
        "src" : "guidelineTags",
        "term" : "Implications",
        "termId" : "guidelineTags:981501925"
      }
    }, {
      "id" : 1445561040,
      "text" : "Intermediate metabolizer (IM)\r\n(~18-45% of patients)",
      "textHtml" : "<p>Intermediate metabolizer (IM)<br/>(~18-45% of patients)</p>",
      "type" : {
        "@id" : "https://www.pharmgkb.org/data/ontologyTerm/guidelineTags/guidelineTags:981501926",
        "@context" : "https://www.pharmgkb.org/jsonld/ontologyTerm.jsonld",
        "id" : 981501926,
        "src" : "guidelineTags",
        "term" : "Metabolizer Status",
        "termId" : "guidelineTags:981501926"
      }
    }, {
      "id" : 1445561038,
      "text" : "An individual carrying one functional allele (*1) plus one loss-of-function allele (*2-*8) or one loss-of-function allele (*2-*8) plus one increased activity allele (*17). \r\n\r\n_The predicted metabolizer phenotype for *2-*8/*17 genotypes are provisional classifications. The currently available evidence indicates that the *17 gain-of-function allele is unable to completely compensate for the *2 loss-of-function allele [Article:20492469]; however, this data has not been consistently replicated and is therefore a provisional classification._",
      "textHtml" : "<p>An individual carrying one functional allele (*1) plus one loss-of-function allele (*2-*8) or one loss-of-function allele (*2-*8) plus one increased activity allele (*17). </p><p><em>The predicted metabolizer phenotype for *2-*8/*17 genotypes are provisional classifications. The currently available evidence indicates that the *17 gain-of-function allele is unable to completely compensate for the *2 loss-of-function allele <a href=\"Article:20492469\">Article:20492469</a>; however, this data has not been consistently replicated and is therefore a provisional classification.</em></p>",
      "type" : {
        "@id" : "https://www.pharmgkb.org/data/ontologyTerm/guidelineTags/guidelineTags:981501927",
        "@context" : "https://www.pharmgkb.org/jsonld/ontologyTerm.jsonld",
        "id" : 981501927,
        "src" : "guidelineTags",
        "term" : "Phenotype (Genotype)",
        "termId" : "guidelineTags:981501927"
      }
    }, {
      "id" : 1445561041,
      "text" : "Alternative antiplatelet therapy (if no contraindication); e.g., prasugrel, ticagrelor",
      "textHtml" : "<p>Alternative antiplatelet therapy (if no contraindication); e.g., prasugrel, ticagrelor</p>",
      "type" : {
        "@id" : "https://www.pharmgkb.org/data/ontologyTerm/guidelineTags/guidelineTags:981501928",
        "@context" : "https://www.pharmgkb.org/jsonld/ontologyTerm.jsonld",
        "id" : 981501928,
        "src" : "guidelineTags",
        "term" : "Recommendations",
        "termId" : "guidelineTags:981501928"
      }
    } ],
    "genotypes" : [ "CYP2C19:*1/*2", "CYP2C19:*1/*3", "CYP2C19:*1/*4", "CYP2C19:*1/*5", "CYP2C19:*1/*6", "CYP2C19:*1/*7", "CYP2C19:*1/*8", "CYP2C19:*17/*2", "CYP2C19:*17/*3", "CYP2C19:*17/*4", "CYP2C19:*17/*5", "CYP2C19:*17/*6", "CYP2C19:*17/*7", "CYP2C19:*17/*8" ],
    "strength" : {
      "@id" : "https://www.pharmgkb.org/data/ontologyTerm/guidelineStrength/guidelineStrength:981501931",
      "@context" : "https://www.pharmgkb.org/jsonld/ontologyTerm.jsonld",
      "id" : 981501931,
      "src" : "guidelineStrength",
      "term" : "Moderate",
      "termId" : "guidelineStrength:981501931"
    }
  }, {
    "objCls" : "DosingGuidelineAnnotationGroup",
    "@id" : "https://www.pharmgkb.org/data/dosingGuidelineAnnotationGroup/PA166128757",
    "@context" : "https://www.pharmgkb.org/jsonld/dosingGuidelineAnnotationGroup.jsonld",
    "id" : "PA166128757",
    "name" : "Poor",
    "annotations" : [ {
      "id" : 1445561043,
      "text" : "Significantly reduced platelet inhibition; increased residual platelet aggregation; increased risk for adverse cardiovascular events",
      "textHtml" : "<p>Significantly reduced platelet inhibition; increased residual platelet aggregation; increased risk for adverse cardiovascular events</p>",
      "type" : {
        "@id" : "https://www.pharmgkb.org/data/ontologyTerm/guidelineTags/guidelineTags:981501925",
        "@context" : "https://www.pharmgkb.org/jsonld/ontologyTerm.jsonld",
        "id" : 981501925,
        "src" : "guidelineTags",
        "term" : "Implications",
        "termId" : "guidelineTags:981501925"
      }
    }, {
      "id" : 1445561044,
      "text" : "Poor metabolizer (PM)\r\n(~2-15% of patients)",
      "textHtml" : "<p>Poor metabolizer (PM)<br/>(~2-15% of patients)</p>",
      "type" : {
        "@id" : "https://www.pharmgkb.org/data/ontologyTerm/guidelineTags/guidelineTags:981501926",
        "@context" : "https://www.pharmgkb.org/jsonld/ontologyTerm.jsonld",
        "id" : 981501926,
        "src" : "guidelineTags",
        "term" : "Metabolizer Status",
        "termId" : "guidelineTags:981501926"
      }
    }, {
      "id" : 1445561042,
      "text" : "An individual carrying two loss-of-function alleles (*2-*8)",
      "textHtml" : "<p>An individual carrying two loss-of-function alleles (*2-*8)</p>",
      "type" : {
        "@id" : "https://www.pharmgkb.org/data/ontologyTerm/guidelineTags/guidelineTags:981501927",
        "@context" : "https://www.pharmgkb.org/jsonld/ontologyTerm.jsonld",
        "id" : 981501927,
        "src" : "guidelineTags",
        "term" : "Phenotype (Genotype)",
        "termId" : "guidelineTags:981501927"
      }
    }, {
      "id" : 1445561045,
      "text" : "Alternative antiplatelet therapy (if no contraindication); e.g., prasugrel, ticagrelor",
      "textHtml" : "<p>Alternative antiplatelet therapy (if no contraindication); e.g., prasugrel, ticagrelor</p>",
      "type" : {
        "@id" : "https://www.pharmgkb.org/data/ontologyTerm/guidelineTags/guidelineTags:981501928",
        "@context" : "https://www.pharmgkb.org/jsonld/ontologyTerm.jsonld",
        "id" : 981501928,
        "src" : "guidelineTags",
        "term" : "Recommendations",
        "termId" : "guidelineTags:981501928"
      }
    } ],
    "genotypes" : [ "CYP2C19:*2/*2", "CYP2C19:*2/*3", "CYP2C19:*2/*4", "CYP2C19:*2/*5", "CYP2C19:*2/*6", "CYP2C19:*2/*7", "CYP2C19:*2/*8", "CYP2C19:*3/*3", "CYP2C19:*3/*4", "CYP2C19:*3/*5", "CYP2C19:*3/*6", "CYP2C19:*3/*7", "CYP2C19:*3/*8", "CYP2C19:*4/*4", "CYP2C19:*4/*5", "CYP2C19:*4/*6", "CYP2C19:*4/*7", "CYP2C19:*4/*8", "CYP2C19:*5/*5", "CYP2C19:*5/*6", "CYP2C19:*5/*7", "CYP2C19:*5/*8", "CYP2C19:*6/*6", "CYP2C19:*6/*7", "CYP2C19:*6/*8", "CYP2C19:*7/*7", "CYP2C19:*7/*8", "CYP2C19:*8/*8" ],
    "strength" : {
      "@id" : "https://www.pharmgkb.org/data/ontologyTerm/guidelineStrength/guidelineStrength:981501930",
      "@context" : "https://www.pharmgkb.org/jsonld/ontologyTerm.jsonld",
      "id" : 981501930,
      "src" : "guidelineStrength",
      "term" : "Strong",
      "termId" : "guidelineStrength:981501930"
    }
  }, {
    "objCls" : "DosingGuidelineAnnotationGroup",
    "@id" : "https://www.pharmgkb.org/data/dosingGuidelineAnnotationGroup/PA166128754",
    "@context" : "https://www.pharmgkb.org/jsonld/dosingGuidelineAnnotationGroup.jsonld",
    "id" : "PA166128754",
    "name" : "Ultrarapid",
    "annotations" : [ {
      "id" : 1445561031,
      "text" : "Increased platelet inhibition; decreased residual platelet aggregation\r\n\r\n_The CYP2C19*17 allele may be associated with increased risk of bleeding [Article:20083681]._",
      "textHtml" : "<p>Increased platelet inhibition; decreased residual platelet aggregation</p><p><em>The CYP2C19*17 allele may be associated with increased risk of bleeding <a href=\"Article:20083681\">Article:20083681</a>.</em></p>",
      "type" : {
        "@id" : "https://www.pharmgkb.org/data/ontologyTerm/guidelineTags/guidelineTags:981501925",
        "@context" : "https://www.pharmgkb.org/jsonld/ontologyTerm.jsonld",
        "id" : 981501925,
        "src" : "guidelineTags",
        "term" : "Implications",
        "termId" : "guidelineTags:981501925"
      }
    }, {
      "id" : 1445561032,
      "text" : "Ultrarapid metabolizer (UM)\r\n(~5-30% of patients)",
      "textHtml" : "<p>Ultrarapid metabolizer (UM)<br/>(~5-30% of patients)</p>",
      "type" : {
        "@id" : "https://www.pharmgkb.org/data/ontologyTerm/guidelineTags/guidelineTags:981501926",
        "@context" : "https://www.pharmgkb.org/jsonld/ontologyTerm.jsonld",
        "id" : 981501926,
        "src" : "guidelineTags",
        "term" : "Metabolizer Status",
        "termId" : "guidelineTags:981501926"
      }
    }, {
      "id" : 1445561030,
      "text" : "An individual carrying two increased activity alleles (*17) or one functional allele (*1) plus one increased activity allele (*17)",
      "textHtml" : "<p>An individual carrying two increased activity alleles (*17) or one functional allele (*1) plus one increased activity allele (*17)</p>",
      "type" : {
        "@id" : "https://www.pharmgkb.org/data/ontologyTerm/guidelineTags/guidelineTags:981501927",
        "@context" : "https://www.pharmgkb.org/jsonld/ontologyTerm.jsonld",
        "id" : 981501927,
        "src" : "guidelineTags",
        "term" : "Phenotype (Genotype)",
        "termId" : "guidelineTags:981501927"
      }
    }, {
      "id" : 1445561033,
      "text" : "Clopidogrel - label recommended dosage and administration",
      "textHtml" : "<p>Clopidogrel - label recommended dosage and administration</p>",
      "type" : {
        "@id" : "https://www.pharmgkb.org/data/ontologyTerm/guidelineTags/guidelineTags:981501928",
        "@context" : "https://www.pharmgkb.org/jsonld/ontologyTerm.jsonld",
        "id" : 981501928,
        "src" : "guidelineTags",
        "term" : "Recommendations",
        "termId" : "guidelineTags:981501928"
      }
    } ],
    "genotypes" : [ "CYP2C19:*1/*17", "CYP2C19:*17/*17" ],
    "strength" : {
      "@id" : "https://www.pharmgkb.org/data/ontologyTerm/guidelineStrength/guidelineStrength:981501930",
      "@context" : "https://www.pharmgkb.org/jsonld/ontologyTerm.jsonld",
      "id" : 981501930,
      "src" : "guidelineStrength",
      "term" : "Strong",
      "termId" : "guidelineStrength:981501930"
    }
  } ],
  "relatedChemicals" : [ {
    "objCls" : "Chemical",
    "@id" : "https://www.pharmgkb.org/data/chemical/PA449053",
    "@context" : "https://www.pharmgkb.org/jsonld/chemical.jsonld",
    "id" : "PA449053",
    "name" : "clopidogrel"
  } ],
  "relatedGenes" : [ {
    "objCls" : "Gene",
    "@id" : "https://www.pharmgkb.org/data/gene/PA124",
    "@context" : "https://www.pharmgkb.org/jsonld/gene.jsonld",
    "id" : "PA124",
    "symbol" : "CYP2C19",
    "name" : "cytochrome P450, family 2, subfamily C, polypeptide 19"
  } ],
  "source" : "CPIC",
  "summaryHtml" : "<p>The CPIC Dosing Guideline for clopidogrel recommends an alternative antiplatelet therapy (e.g., prasugrel, ticagrelor) for CYP2C19 poor or intermediate metabolizers if there is no contraindicaiton.</p>",
  "textHtml" : "<h3 id=\"September2013Update\">September 2013 Update</h3><p><em>Advance online publication May 2013.</em></p><ul><li>The 2013 update of CPIC guidelines regarding clopidogrel have been published in Clinical Pharmacology and Therapeutics by the Clinical Pharmacogenetics Implementation Consortium (<a href=\"/contributors/consortia/cpic_profile.jsp\">CPIC</a>). Literature published between 1966 to January 2013 was reviewed. The updated therapeutic recommendations are more focused to patients with acute coronary syndromes undergoing percutaneous coronary intervention (ACS/PCI) than the original guideline, with additional updates involve refined recommendations for variant and novel <em>CYP2C19</em> alleles beyond *2.</li><li>At the time of the development of this recommendation, there are no data available on the possible role of CYP2C19 in clopidogrel response in pediatric patient populations; however, there is no reason to suspect that CYP2C19 variant alleles would affect clopidogrel metabolism differently in children as compared with adults.</li><li>Download and read:<ul><li><a href=\"/redirect.jsp?p=https%3A%2F%2Fgithub.com%2FPharmGKB%2Fcpic-guidelines%2Fraw%2Fmaster%2Fclopidogrel%2F2013%2F23698643.pdf\" target=\"offsite\">Clinical Pharmacogenetics Implementation Consortium guidelines for CYP2C19 genotype and clopidogrel therapy: 2013 update</a> </li><li><a href=\"/redirect.jsp?p=https%3A%2F%2Fgithub.com%2FPharmGKB%2Fcpic-guidelines%2Fraw%2Fmaster%2Fclopidogrel%2F2013%2F23698643-supplement.pdf\" target=\"offsite\">2013 supplement</a></li></ul></li></ul><h3 id=\"Table1AntiplatelettherapyrecommendationsbasedonCYP2C19statuswhenconsideringclopidogrelforACSpatientsundergoingPCI\">Table 1: Antiplatelet therapy recommendations based on CYP2C19 status when considering clopidogrel for ACS patients undergoing PCI</h3><p><em>Adapted from Tables 1 and 2 of the 2013 guideline manuscript.</em></p><table class=\"table table-striped table-condensed table-hover table-bordered\"><tr><th>Likely phenotype</th><th>Genotypes</th><th>Examples of diplotypes</th><th>Implications for clopidogrel</th><th>Therapeutic recommendations</th><th>Classification of recommendations</th></tr><tr><td>Ultrarapid metabolizer (UM)<br/>(~5-30% of patients)</td><td>An individual carrying two increased activity alleles (*17) or one functional allele (*1) plus one increased activity allele (*17)</td><td>*1/*17, *17/*17</td><td>Increased platelet inhibition; decreased residual platelet aggregation <sup>1</sup></td><td>Clopidogrel - label recommended dosage and administration</td><td>Strong</td></tr><tr><td>Extensive metabolizer (EM)<br/>(~35-50% of patients)</td><td>An individual carrying two functional (*1) alleles</td><td>*1/*1</td><td>Normal platelet inhibition; normal residual platelet aggregation</td><td>Clopidogrel - label recommended dosage and administration</td><td>Strong</td></tr><tr><td>Intermediate metabolizer (IM)<br/>(~18-45% of patients)</td><td>An individual carrying one functional allele (*1) plus one loss-of-function allele (*2-*8) or one loss-of-function allele (*2-*8) plus one increased activity allele (*17) <sup>2</sup></td><td>*1/*2, *1/*3, *2/*17</td><td>Reduced platelet inhibition; increased residual platelet aggregation; increased risk for adverse cardiovascular events</td><td>Alternative antiplatelet therapy (if no contraindication); e.g., prasugrel, ticagrelor</td><td>Moderate</td></tr><tr><td>Poor metabolizer (PM)<br/>(~2-15% of patients)</td><td>An individual carrying two loss-of-function alleles (*2-*8)</td><td>*2/*2, *2/*3, *3/*3</td><td>Significantly reduced platelet inhibition; increased residual platelet aggregation; increased risk for adverse cardiovascular events</td><td>Alternative antiplatelet therapy (if no contraindication); e.g., prasugrel, ticagrelor</td><td>Strong</td></tr></table><p><sup>1</sup> The CYP2C19*17 allele (<a href=\"/rsid/rs12248560\">rs12248560</a>) may be associated with increased risk of bleeding.<br/><sup>2</sup> The predicted metabolizer phenotype for *2-*8/*17 genotypes are provisional classifications. The currently available evidence indicates that the *17 gain-of-function allele is unable to completely compensate for the *2 loss-of-function allele [Article:<a href=\"/pmid/20492469\">20492469</a>]; however, this data has not been consistently replicated and is therefore a provisional classification (Table S5).</p><p>An important caveat for all genotyping tests is that the \"wild-type\" (*1) status is reported if all other alleles that are measured are absent.  Some genotype tests do not interrogate the rare loss of function alleles and therefore, if present, they may be erroneously reported as \"wild type\". Furthermore, in human DNA, it is always possible that a new, previously undiscovered (and therefore un-interrogated) site of variation may confer altered enzyme function in an individual, and thus lead to the rare possibility of a loss-of-function allele being erroneously called as \"wild-type\" (*1). The guidelines do not focus on demographic and other clinical variables, such as adherence to therapy, age, diabetes mellitus, obesity, smoking, and concomitant use of other drugs that may influence clopidogrel efficacy and clinical decision making.</p><p><strong>The American Society of Health-System Pharmacists (ASHP) has endorsed the Clinical Pharmacogenetics Implementation Consortium guidelines for cytochrome P450-2C19 (CYP2C19) genotype and clopidogrel therapy.</strong></p><h3 id=\"August2011\">August 2011</h3><p><em>Advance online publication June 2011.</em></p><ul><li>Guidelines regarding the use of pharmacogenomic tests in dosing for clopidogrel were published in Clinical Pharmacology and Therapeutics by the Clinical Pharmacogenetics Implementation Consortium (<a href=\"/contributors/consortia/cpic_profile.jsp\">CPIC</a>).</li><li>Download and read:  <ul><li><a href=\"/redirect.jsp?p=https%3A%2F%2Fgithub.com%2FPharmGKB%2Fcpic-guidelines%2Fraw%2Fmaster%2Fclopidogrel%2F2011%2F21716271.pdf\" target=\"offsite\">Clinical Pharmacogenetics Implementation Consortium guidelines for cytochrome P450-2C19 (CYP2C19) genotype and clopidogrel therapy</a> </li><li><a href=\"/redirect.jsp?p=https%3A%2F%2Fgithub.com%2FPharmGKB%2Fcpic-guidelines%2Fraw%2Fmaster%2Fclopidogrel%2F2011%2F21716271-supplement.pdf\" target=\"offsite\">2011 supplement</a></li></ul></li></ul>"
}