{
  "objCls" : "Guideline",
  "@id" : "https://www.pharmgkb.org/data/guideline/PA166104998",
  "@context" : "https://www.pharmgkb.org/jsonld/guideline.jsonld",
  "id" : "PA166104998",
  "name" : "CPIC Guideline for nortriptyline and CYP2D6",
  "groups" : [ {
    "objCls" : "DosingGuidelineAnnotationGroup",
    "@id" : "https://www.pharmgkb.org/data/dosingGuidelineAnnotationGroup/PA166128777",
    "@context" : "https://www.pharmgkb.org/jsonld/dosingGuidelineAnnotationGroup.jsonld",
    "id" : "PA166128777",
    "name" : "Extensive",
    "annotations" : [ {
      "id" : 1445566924,
      "text" : "1.0-2.0 \r\n\r\n_Patients with an activity score of 1.0 may be classified as intermediate metabolizers by some reference laboratories._",
      "textHtml" : "<p>1.0-2.0 </p><p><em>Patients with an activity score of 1.0 may be classified as intermediate metabolizers by some reference laboratories.</em></p>",
      "type" : {
        "@id" : "https://www.pharmgkb.org/data/ontologyTerm/guidelineTags/guidelineTags:981501924",
        "@context" : "https://www.pharmgkb.org/jsonld/ontologyTerm.jsonld",
        "id" : 981501924,
        "src" : "guidelineTags",
        "term" : "Activity Score",
        "termId" : "guidelineTags:981501924"
      }
    }, {
      "id" : 1445566928,
      "text" : "Normal metabolism of tricyclics.",
      "textHtml" : "<p>Normal metabolism of tricyclics.</p>",
      "type" : {
        "@id" : "https://www.pharmgkb.org/data/ontologyTerm/guidelineTags/guidelineTags:981501925",
        "@context" : "https://www.pharmgkb.org/jsonld/ontologyTerm.jsonld",
        "id" : 981501925,
        "src" : "guidelineTags",
        "term" : "Implications",
        "termId" : "guidelineTags:981501925"
      }
    }, {
      "id" : 1445566926,
      "text" : "Extensive metabolizer",
      "textHtml" : "<p>Extensive metabolizer </p>",
      "type" : {
        "@id" : "https://www.pharmgkb.org/data/ontologyTerm/guidelineTags/guidelineTags:981501926",
        "@context" : "https://www.pharmgkb.org/jsonld/ontologyTerm.jsonld",
        "id" : 981501926,
        "src" : "guidelineTags",
        "term" : "Metabolizer Status",
        "termId" : "guidelineTags:981501926"
      }
    }, {
      "id" : 1445566925,
      "text" : "An individual carrying two alleles encoding full or reduced function or one full function allele together with either one nonfunctional or one reduced-function allele",
      "textHtml" : "<p>An individual carrying two alleles encoding full or reduced function or one full function allele together with either one nonfunctional or one reduced-function allele</p>",
      "type" : {
        "@id" : "https://www.pharmgkb.org/data/ontologyTerm/guidelineTags/guidelineTags:981501927",
        "@context" : "https://www.pharmgkb.org/jsonld/ontologyTerm.jsonld",
        "id" : 981501927,
        "src" : "guidelineTags",
        "term" : "Phenotype (Genotype)",
        "termId" : "guidelineTags:981501927"
      }
    }, {
      "id" : 1445566927,
      "text" : "Initiate therapy with recommended starting dose.\r\n\r\n_Patients may receive an initial low dose of tricyclics, which is then increased over several days to the recommended steady-state dose. The starting dose in this guideline refers to the recommended steady-state dose. Dosing recommendations only apply to higher initial doses of nortriptyline for treatment of conditions such as depression._",
      "textHtml" : "<p>Initiate therapy with recommended starting dose.</p><p><em>Patients may receive an initial low dose of tricyclics, which is then increased over several days to the recommended steady-state dose. The starting dose in this guideline refers to the recommended steady-state dose. Dosing recommendations only apply to higher initial doses of nortriptyline for treatment of conditions such as depression.</em></p>",
      "type" : {
        "@id" : "https://www.pharmgkb.org/data/ontologyTerm/guidelineTags/guidelineTags:981501928",
        "@context" : "https://www.pharmgkb.org/jsonld/ontologyTerm.jsonld",
        "id" : 981501928,
        "src" : "guidelineTags",
        "term" : "Recommendations",
        "termId" : "guidelineTags:981501928"
      }
    } ],
    "genotypes" : [ "CYP2D6:*1/*1", "CYP2D6:*1/*10", "CYP2D6:*1/*100", "CYP2D6:*1/*101", "CYP2D6:*1/*10x2", "CYP2D6:*1/*11", "CYP2D6:*1/*12", "CYP2D6:*1/*13", "CYP2D6:*1/*14A", "CYP2D6:*1/*14B", "CYP2D6:*1/*15", "CYP2D6:*1/*17", "CYP2D6:*1/*17x2", "CYP2D6:*1/*18", "CYP2D6:*1/*19", "CYP2D6:*1/*2", "CYP2D6:*1/*20", "CYP2D6:*1/*21", "CYP2D6:*1/*27", "CYP2D6:*1/*29", "CYP2D6:*1/*29x2", "CYP2D6:*1/*3", "CYP2D6:*1/*31", "CYP2D6:*1/*33", "CYP2D6:*1/*34", "CYP2D6:*1/*35", "CYP2D6:*1/*36", "CYP2D6:*1/*36xN", "CYP2D6:*1/*38", "CYP2D6:*1/*39", "CYP2D6:*1/*3xN", "CYP2D6:*1/*4", "CYP2D6:*1/*40", "CYP2D6:*1/*41", "CYP2D6:*1/*41x2", "CYP2D6:*1/*42", "CYP2D6:*1/*44", "CYP2D6:*1/*45", "CYP2D6:*1/*46", "CYP2D6:*1/*47", "CYP2D6:*1/*48", "CYP2D6:*1/*49", "CYP2D6:*1/*4xN", "CYP2D6:*1/*5", "CYP2D6:*1/*50", "CYP2D6:*1/*51", "CYP2D6:*1/*53", "CYP2D6:*1/*54", "CYP2D6:*1/*55", "CYP2D6:*1/*56A", "CYP2D6:*1/*56B", "CYP2D6:*1/*57", "CYP2D6:*1/*59", "CYP2D6:*1/*6", "CYP2D6:*1/*62", "CYP2D6:*1/*68", "CYP2D6:*1/*69", "CYP2D6:*1/*6xN", "CYP2D6:*1/*7", "CYP2D6:*1/*72", "CYP2D6:*1/*8", "CYP2D6:*1/*9", "CYP2D6:*1/*92", "CYP2D6:*1/*9x2", "CYP2D6:*10/*10", "CYP2D6:*10/*10x2", "CYP2D6:*10/*14B", "CYP2D6:*10/*17", "CYP2D6:*10/*17x2", "CYP2D6:*10/*2", "CYP2D6:*10/*27", "CYP2D6:*10/*29", "CYP2D6:*10/*29x2", "CYP2D6:*10/*33", "CYP2D6:*10/*34", "CYP2D6:*10/*35", "CYP2D6:*10/*39", "CYP2D6:*10/*41", "CYP2D6:*10/*41x2", "CYP2D6:*10/*45", "CYP2D6:*10/*46", "CYP2D6:*10/*48", "CYP2D6:*10/*49", "CYP2D6:*10/*50", "CYP2D6:*10/*53", "CYP2D6:*10/*54", "CYP2D6:*10/*55", "CYP2D6:*10/*59", "CYP2D6:*10/*72", "CYP2D6:*10/*9", "CYP2D6:*10/*9x2", "CYP2D6:*100/*10x2", "CYP2D6:*100/*17x2", "CYP2D6:*100/*2", "CYP2D6:*100/*27", "CYP2D6:*100/*29x2", "CYP2D6:*100/*33", "CYP2D6:*100/*34", "CYP2D6:*100/*35", "CYP2D6:*100/*39", "CYP2D6:*100/*41x2", "CYP2D6:*100/*45", "CYP2D6:*100/*46", "CYP2D6:*100/*48", "CYP2D6:*100/*53", "CYP2D6:*100/*9x2", "CYP2D6:*101/*10x2", "CYP2D6:*101/*17x2", "CYP2D6:*101/*2", "CYP2D6:*101/*27", "CYP2D6:*101/*29x2", "CYP2D6:*101/*33", "CYP2D6:*101/*34", "CYP2D6:*101/*35", "CYP2D6:*101/*39", "CYP2D6:*101/*41x2", "CYP2D6:*101/*45", "CYP2D6:*101/*46", "CYP2D6:*101/*48", "CYP2D6:*101/*53", "CYP2D6:*101/*9x2", "CYP2D6:*10x2/*10x2", "CYP2D6:*10x2/*11", "CYP2D6:*10x2/*12", "CYP2D6:*10x2/*13", "CYP2D6:*10x2/*14A", "CYP2D6:*10x2/*14B", "CYP2D6:*10x2/*15", "CYP2D6:*10x2/*17", "CYP2D6:*10x2/*17x2", "CYP2D6:*10x2/*18", "CYP2D6:*10x2/*19", "CYP2D6:*10x2/*2", "CYP2D6:*10x2/*20", "CYP2D6:*10x2/*21", "CYP2D6:*10x2/*27", "CYP2D6:*10x2/*29", "CYP2D6:*10x2/*29x2", "CYP2D6:*10x2/*3", "CYP2D6:*10x2/*31", "CYP2D6:*10x2/*33", "CYP2D6:*10x2/*34", "CYP2D6:*10x2/*35", "CYP2D6:*10x2/*36", "CYP2D6:*10x2/*36xN", "CYP2D6:*10x2/*38", "CYP2D6:*10x2/*39", "CYP2D6:*10x2/*3xN", "CYP2D6:*10x2/*4", "CYP2D6:*10x2/*40", "CYP2D6:*10x2/*41", "CYP2D6:*10x2/*41x2", "CYP2D6:*10x2/*42", "CYP2D6:*10x2/*44", "CYP2D6:*10x2/*45", "CYP2D6:*10x2/*46", "CYP2D6:*10x2/*47", "CYP2D6:*10x2/*48", "CYP2D6:*10x2/*49", "CYP2D6:*10x2/*4xN", "CYP2D6:*10x2/*5", "CYP2D6:*10x2/*50", "CYP2D6:*10x2/*51", "CYP2D6:*10x2/*53", "CYP2D6:*10x2/*54", "CYP2D6:*10x2/*55", "CYP2D6:*10x2/*56A", "CYP2D6:*10x2/*56B", "CYP2D6:*10x2/*57", "CYP2D6:*10x2/*59", "CYP2D6:*10x2/*6", "CYP2D6:*10x2/*62", "CYP2D6:*10x2/*68", "CYP2D6:*10x2/*69", "CYP2D6:*10x2/*6xN", "CYP2D6:*10x2/*7", "CYP2D6:*10x2/*72", "CYP2D6:*10x2/*8", "CYP2D6:*10x2/*9", "CYP2D6:*10x2/*92", "CYP2D6:*10x2/*9x2", "CYP2D6:*11/*17x2", "CYP2D6:*11/*2", "CYP2D6:*11/*27", "CYP2D6:*11/*29x2", "CYP2D6:*11/*33", "CYP2D6:*11/*34", "CYP2D6:*11/*35", "CYP2D6:*11/*39", "CYP2D6:*11/*41x2", "CYP2D6:*11/*45", "CYP2D6:*11/*46", "CYP2D6:*11/*48", "CYP2D6:*11/*53", "CYP2D6:*11/*9x2", "CYP2D6:*12/*17x2", "CYP2D6:*12/*2", "CYP2D6:*12/*27", "CYP2D6:*12/*29x2", "CYP2D6:*12/*33", "CYP2D6:*12/*34", "CYP2D6:*12/*35", "CYP2D6:*12/*39", "CYP2D6:*12/*41x2", "CYP2D6:*12/*45", "CYP2D6:*12/*46", "CYP2D6:*12/*48", "CYP2D6:*12/*53", "CYP2D6:*12/*9x2", "CYP2D6:*13/*17x2", "CYP2D6:*13/*2", "CYP2D6:*13/*27", "CYP2D6:*13/*29x2", "CYP2D6:*13/*33", "CYP2D6:*13/*34", "CYP2D6:*13/*35", "CYP2D6:*13/*39", "CYP2D6:*13/*41x2", "CYP2D6:*13/*45", "CYP2D6:*13/*46", "CYP2D6:*13/*48", "CYP2D6:*13/*53", "CYP2D6:*13/*9x2", "CYP2D6:*14A/*17x2", "CYP2D6:*14A/*2", "CYP2D6:*14A/*27", "CYP2D6:*14A/*29x2", "CYP2D6:*14A/*33", "CYP2D6:*14A/*34", "CYP2D6:*14A/*35", "CYP2D6:*14A/*39", "CYP2D6:*14A/*41x2", "CYP2D6:*14A/*45", "CYP2D6:*14A/*46", "CYP2D6:*14A/*48", "CYP2D6:*14A/*53", "CYP2D6:*14A/*9x2", "CYP2D6:*14B/*14B", "CYP2D6:*14B/*17", "CYP2D6:*14B/*17x2", "CYP2D6:*14B/*2", "CYP2D6:*14B/*27", "CYP2D6:*14B/*29", "CYP2D6:*14B/*29x2", "CYP2D6:*14B/*33", "CYP2D6:*14B/*34", "CYP2D6:*14B/*35", "CYP2D6:*14B/*39", "CYP2D6:*14B/*41", "CYP2D6:*14B/*41x2", "CYP2D6:*14B/*45", "CYP2D6:*14B/*46", "CYP2D6:*14B/*48", "CYP2D6:*14B/*49", "CYP2D6:*14B/*50", "CYP2D6:*14B/*53", "CYP2D6:*14B/*54", "CYP2D6:*14B/*55", "CYP2D6:*14B/*59", "CYP2D6:*14B/*72", "CYP2D6:*14B/*9", "CYP2D6:*14B/*9x2", "CYP2D6:*15/*17x2", "CYP2D6:*15/*2", "CYP2D6:*15/*27", "CYP2D6:*15/*29x2", "CYP2D6:*15/*33", "CYP2D6:*15/*34", "CYP2D6:*15/*35", "CYP2D6:*15/*39", "CYP2D6:*15/*41x2", "CYP2D6:*15/*45", "CYP2D6:*15/*46", "CYP2D6:*15/*48", "CYP2D6:*15/*53", "CYP2D6:*15/*9x2", "CYP2D6:*17/*17", "CYP2D6:*17/*17x2", "CYP2D6:*17/*2", "CYP2D6:*17/*27", "CYP2D6:*17/*29", "CYP2D6:*17/*29x2", "CYP2D6:*17/*33", "CYP2D6:*17/*34", "CYP2D6:*17/*35", "CYP2D6:*17/*39", "CYP2D6:*17/*41", "CYP2D6:*17/*41x2", "CYP2D6:*17/*45", "CYP2D6:*17/*46", "CYP2D6:*17/*48", "CYP2D6:*17/*49", "CYP2D6:*17/*50", "CYP2D6:*17/*53", "CYP2D6:*17/*54", "CYP2D6:*17/*55", "CYP2D6:*17/*59", "CYP2D6:*17/*72", "CYP2D6:*17/*9", "CYP2D6:*17/*9x2", "CYP2D6:*17x2/*17x2", "CYP2D6:*17x2/*18", "CYP2D6:*17x2/*19", "CYP2D6:*17x2/*2", "CYP2D6:*17x2/*20", "CYP2D6:*17x2/*21", "CYP2D6:*17x2/*27", "CYP2D6:*17x2/*29", "CYP2D6:*17x2/*29x2", "CYP2D6:*17x2/*3", "CYP2D6:*17x2/*31", "CYP2D6:*17x2/*33", "CYP2D6:*17x2/*34", "CYP2D6:*17x2/*35", "CYP2D6:*17x2/*36", "CYP2D6:*17x2/*36xN", "CYP2D6:*17x2/*38", "CYP2D6:*17x2/*39", "CYP2D6:*17x2/*3xN", "CYP2D6:*17x2/*4", "CYP2D6:*17x2/*40", "CYP2D6:*17x2/*41", "CYP2D6:*17x2/*41x2", "CYP2D6:*17x2/*42", "CYP2D6:*17x2/*44", "CYP2D6:*17x2/*45", "CYP2D6:*17x2/*46", "CYP2D6:*17x2/*47", "CYP2D6:*17x2/*48", "CYP2D6:*17x2/*49", "CYP2D6:*17x2/*4xN", "CYP2D6:*17x2/*5", "CYP2D6:*17x2/*50", "CYP2D6:*17x2/*51", "CYP2D6:*17x2/*53", "CYP2D6:*17x2/*54", "CYP2D6:*17x2/*55", "CYP2D6:*17x2/*56A", "CYP2D6:*17x2/*56B", "CYP2D6:*17x2/*57", "CYP2D6:*17x2/*59", "CYP2D6:*17x2/*6", "CYP2D6:*17x2/*62", "CYP2D6:*17x2/*68", "CYP2D6:*17x2/*69", "CYP2D6:*17x2/*6xN", "CYP2D6:*17x2/*7", "CYP2D6:*17x2/*72", "CYP2D6:*17x2/*8", "CYP2D6:*17x2/*9", "CYP2D6:*17x2/*92", "CYP2D6:*17x2/*9x2", "CYP2D6:*18/*2", "CYP2D6:*18/*27", "CYP2D6:*18/*29x2", "CYP2D6:*18/*33", "CYP2D6:*18/*34", "CYP2D6:*18/*35", "CYP2D6:*18/*39", "CYP2D6:*18/*41x2", "CYP2D6:*18/*45", "CYP2D6:*18/*46", "CYP2D6:*18/*48", "CYP2D6:*18/*53", "CYP2D6:*18/*9x2", "CYP2D6:*19/*2", "CYP2D6:*19/*27", "CYP2D6:*19/*29x2", "CYP2D6:*19/*33", "CYP2D6:*19/*34", "CYP2D6:*19/*35", "CYP2D6:*19/*39", "CYP2D6:*19/*41x2", "CYP2D6:*19/*45", "CYP2D6:*19/*46", "CYP2D6:*19/*48", "CYP2D6:*19/*53", "CYP2D6:*19/*9x2", "CYP2D6:*2/*2", "CYP2D6:*2/*20", "CYP2D6:*2/*21", "CYP2D6:*2/*27", "CYP2D6:*2/*29", "CYP2D6:*2/*29x2", "CYP2D6:*2/*3", "CYP2D6:*2/*31", "CYP2D6:*2/*33", "CYP2D6:*2/*34", "CYP2D6:*2/*35", "CYP2D6:*2/*36", "CYP2D6:*2/*36xN", "CYP2D6:*2/*38", "CYP2D6:*2/*39", "CYP2D6:*2/*3xN", "CYP2D6:*2/*4", "CYP2D6:*2/*40", "CYP2D6:*2/*41", "CYP2D6:*2/*41x2", "CYP2D6:*2/*42", "CYP2D6:*2/*44", "CYP2D6:*2/*45", "CYP2D6:*2/*46", "CYP2D6:*2/*47", "CYP2D6:*2/*48", "CYP2D6:*2/*49", "CYP2D6:*2/*4xN", "CYP2D6:*2/*5", "CYP2D6:*2/*50", "CYP2D6:*2/*51", "CYP2D6:*2/*53", "CYP2D6:*2/*54", "CYP2D6:*2/*55", "CYP2D6:*2/*56A", "CYP2D6:*2/*56B", "CYP2D6:*2/*57", "CYP2D6:*2/*59", "CYP2D6:*2/*6", "CYP2D6:*2/*62", "CYP2D6:*2/*68", "CYP2D6:*2/*69", "CYP2D6:*2/*6xN", "CYP2D6:*2/*7", "CYP2D6:*2/*72", "CYP2D6:*2/*8", "CYP2D6:*2/*9", "CYP2D6:*2/*92", "CYP2D6:*2/*9x2", "CYP2D6:*20/*27", "CYP2D6:*20/*29x2", "CYP2D6:*20/*33", "CYP2D6:*20/*34", "CYP2D6:*20/*35", "CYP2D6:*20/*39", "CYP2D6:*20/*41x2", "CYP2D6:*20/*45", "CYP2D6:*20/*46", "CYP2D6:*20/*48", "CYP2D6:*20/*53", "CYP2D6:*20/*9x2", "CYP2D6:*21/*27", "CYP2D6:*21/*29x2", "CYP2D6:*21/*33", "CYP2D6:*21/*34", "CYP2D6:*21/*35", "CYP2D6:*21/*39", "CYP2D6:*21/*41x2", "CYP2D6:*21/*45", "CYP2D6:*21/*46", "CYP2D6:*21/*48", "CYP2D6:*21/*53", "CYP2D6:*21/*9x2", "CYP2D6:*27/*27", "CYP2D6:*27/*29", "CYP2D6:*27/*29x2", "CYP2D6:*27/*3", "CYP2D6:*27/*31", "CYP2D6:*27/*33", "CYP2D6:*27/*34", "CYP2D6:*27/*35", "CYP2D6:*27/*36", "CYP2D6:*27/*36xN", "CYP2D6:*27/*38", "CYP2D6:*27/*39", "CYP2D6:*27/*3xN", "CYP2D6:*27/*4", "CYP2D6:*27/*40", "CYP2D6:*27/*41", "CYP2D6:*27/*41x2", "CYP2D6:*27/*42", "CYP2D6:*27/*44", "CYP2D6:*27/*45", "CYP2D6:*27/*46", "CYP2D6:*27/*47", "CYP2D6:*27/*48", "CYP2D6:*27/*49", "CYP2D6:*27/*4xN", "CYP2D6:*27/*5", "CYP2D6:*27/*50", "CYP2D6:*27/*51", "CYP2D6:*27/*53", "CYP2D6:*27/*54", "CYP2D6:*27/*55", "CYP2D6:*27/*56A", "CYP2D6:*27/*56B", "CYP2D6:*27/*57", "CYP2D6:*27/*59", "CYP2D6:*27/*6", "CYP2D6:*27/*62", "CYP2D6:*27/*68", "CYP2D6:*27/*69", "CYP2D6:*27/*6xN", "CYP2D6:*27/*7", "CYP2D6:*27/*72", "CYP2D6:*27/*8", "CYP2D6:*27/*9", "CYP2D6:*27/*92", "CYP2D6:*27/*9x2", "CYP2D6:*29/*29", "CYP2D6:*29/*29x2", "CYP2D6:*29/*33", "CYP2D6:*29/*34", "CYP2D6:*29/*35", "CYP2D6:*29/*39", "CYP2D6:*29/*41", "CYP2D6:*29/*41x2", "CYP2D6:*29/*45", "CYP2D6:*29/*46", "CYP2D6:*29/*48", "CYP2D6:*29/*49", "CYP2D6:*29/*50", "CYP2D6:*29/*53", "CYP2D6:*29/*54", "CYP2D6:*29/*55", "CYP2D6:*29/*59", "CYP2D6:*29/*72", "CYP2D6:*29/*9", "CYP2D6:*29/*9x2", "CYP2D6:*29x2/*29x2", "CYP2D6:*29x2/*3", "CYP2D6:*29x2/*31", "CYP2D6:*29x2/*33", "CYP2D6:*29x2/*34", "CYP2D6:*29x2/*35", "CYP2D6:*29x2/*36", "CYP2D6:*29x2/*36xN", "CYP2D6:*29x2/*38", "CYP2D6:*29x2/*39", "CYP2D6:*29x2/*3xN", "CYP2D6:*29x2/*4", "CYP2D6:*29x2/*40", "CYP2D6:*29x2/*41", "CYP2D6:*29x2/*41x2", "CYP2D6:*29x2/*42", "CYP2D6:*29x2/*44", "CYP2D6:*29x2/*45", "CYP2D6:*29x2/*46", "CYP2D6:*29x2/*47", "CYP2D6:*29x2/*48", "CYP2D6:*29x2/*49", "CYP2D6:*29x2/*4xN", "CYP2D6:*29x2/*5", "CYP2D6:*29x2/*50", "CYP2D6:*29x2/*51", "CYP2D6:*29x2/*53", "CYP2D6:*29x2/*54", "CYP2D6:*29x2/*55", "CYP2D6:*29x2/*56A", "CYP2D6:*29x2/*56B", "CYP2D6:*29x2/*57", "CYP2D6:*29x2/*59", "CYP2D6:*29x2/*6", "CYP2D6:*29x2/*62", "CYP2D6:*29x2/*68", "CYP2D6:*29x2/*69", "CYP2D6:*29x2/*6xN", "CYP2D6:*29x2/*7", "CYP2D6:*29x2/*72", "CYP2D6:*29x2/*8", "CYP2D6:*29x2/*9", "CYP2D6:*29x2/*92", "CYP2D6:*29x2/*9x2", "CYP2D6:*3/*33", "CYP2D6:*3/*34", "CYP2D6:*3/*35", "CYP2D6:*3/*39", "CYP2D6:*3/*41x2", "CYP2D6:*3/*45", "CYP2D6:*3/*46", "CYP2D6:*3/*48", "CYP2D6:*3/*53", "CYP2D6:*3/*9x2", "CYP2D6:*31/*33", "CYP2D6:*31/*34", "CYP2D6:*31/*35", "CYP2D6:*31/*39", "CYP2D6:*31/*41x2", "CYP2D6:*31/*45", "CYP2D6:*31/*46", "CYP2D6:*31/*48", "CYP2D6:*31/*53", "CYP2D6:*31/*9x2", "CYP2D6:*33/*33", "CYP2D6:*33/*34", "CYP2D6:*33/*35", "CYP2D6:*33/*36", "CYP2D6:*33/*36xN", "CYP2D6:*33/*38", "CYP2D6:*33/*39", "CYP2D6:*33/*3xN", "CYP2D6:*33/*4", "CYP2D6:*33/*40", "CYP2D6:*33/*41", "CYP2D6:*33/*41x2", "CYP2D6:*33/*42", "CYP2D6:*33/*44", "CYP2D6:*33/*45", "CYP2D6:*33/*46", "CYP2D6:*33/*47", "CYP2D6:*33/*48", "CYP2D6:*33/*49", "CYP2D6:*33/*4xN", "CYP2D6:*33/*5", "CYP2D6:*33/*50", "CYP2D6:*33/*51", "CYP2D6:*33/*53", "CYP2D6:*33/*54", "CYP2D6:*33/*55", "CYP2D6:*33/*56A", "CYP2D6:*33/*56B", "CYP2D6:*33/*57", "CYP2D6:*33/*59", "CYP2D6:*33/*6", "CYP2D6:*33/*62", "CYP2D6:*33/*68", "CYP2D6:*33/*69", "CYP2D6:*33/*6xN", "CYP2D6:*33/*7", "CYP2D6:*33/*72", "CYP2D6:*33/*8", "CYP2D6:*33/*9", "CYP2D6:*33/*92", "CYP2D6:*33/*9x2", "CYP2D6:*34/*34", "CYP2D6:*34/*35", "CYP2D6:*34/*36", "CYP2D6:*34/*36xN", "CYP2D6:*34/*38", "CYP2D6:*34/*39", "CYP2D6:*34/*3xN", "CYP2D6:*34/*4", "CYP2D6:*34/*40", "CYP2D6:*34/*41", "CYP2D6:*34/*41x2", "CYP2D6:*34/*42", "CYP2D6:*34/*44", "CYP2D6:*34/*45", "CYP2D6:*34/*46", "CYP2D6:*34/*47", "CYP2D6:*34/*48", "CYP2D6:*34/*49", "CYP2D6:*34/*4xN", "CYP2D6:*34/*5", "CYP2D6:*34/*50", "CYP2D6:*34/*51", "CYP2D6:*34/*53", "CYP2D6:*34/*54", "CYP2D6:*34/*55", "CYP2D6:*34/*56A", "CYP2D6:*34/*56B", "CYP2D6:*34/*57", "CYP2D6:*34/*59", "CYP2D6:*34/*6", "CYP2D6:*34/*62", "CYP2D6:*34/*68", "CYP2D6:*34/*69", "CYP2D6:*34/*6xN", "CYP2D6:*34/*7", "CYP2D6:*34/*72", "CYP2D6:*34/*8", "CYP2D6:*34/*9", "CYP2D6:*34/*92", "CYP2D6:*34/*9x2", "CYP2D6:*35/*35", "CYP2D6:*35/*36", "CYP2D6:*35/*36xN", "CYP2D6:*35/*38", "CYP2D6:*35/*39", "CYP2D6:*35/*3xN", "CYP2D6:*35/*4", "CYP2D6:*35/*40", "CYP2D6:*35/*41", "CYP2D6:*35/*41x2", "CYP2D6:*35/*42", "CYP2D6:*35/*44", "CYP2D6:*35/*45", "CYP2D6:*35/*46", "CYP2D6:*35/*47", "CYP2D6:*35/*48", "CYP2D6:*35/*49", "CYP2D6:*35/*4xN", "CYP2D6:*35/*5", "CYP2D6:*35/*50", "CYP2D6:*35/*51", "CYP2D6:*35/*53", "CYP2D6:*35/*54", "CYP2D6:*35/*55", "CYP2D6:*35/*56A", "CYP2D6:*35/*56B", "CYP2D6:*35/*57", "CYP2D6:*35/*59", "CYP2D6:*35/*6", "CYP2D6:*35/*62", "CYP2D6:*35/*68", "CYP2D6:*35/*69", "CYP2D6:*35/*6xN", "CYP2D6:*35/*7", "CYP2D6:*35/*72", "CYP2D6:*35/*8", "CYP2D6:*35/*9", "CYP2D6:*35/*92", "CYP2D6:*35/*9x2", "CYP2D6:*36/*39", "CYP2D6:*36/*41x2", "CYP2D6:*36/*45", "CYP2D6:*36/*46", "CYP2D6:*36/*48", "CYP2D6:*36/*53", "CYP2D6:*36/*9x2", "CYP2D6:*36xN/*39", "CYP2D6:*36xN/*41x2", "CYP2D6:*36xN/*45", "CYP2D6:*36xN/*46", "CYP2D6:*36xN/*48", "CYP2D6:*36xN/*53", "CYP2D6:*36xN/*9x2", "CYP2D6:*38/*39", "CYP2D6:*38/*41x2", "CYP2D6:*38/*45", "CYP2D6:*38/*46", "CYP2D6:*38/*48", "CYP2D6:*38/*53", "CYP2D6:*38/*9x2", "CYP2D6:*39/*39", "CYP2D6:*39/*3xN", "CYP2D6:*39/*4", "CYP2D6:*39/*40", "CYP2D6:*39/*41", "CYP2D6:*39/*41x2", "CYP2D6:*39/*42", "CYP2D6:*39/*44", "CYP2D6:*39/*45", "CYP2D6:*39/*46", "CYP2D6:*39/*47", "CYP2D6:*39/*48", "CYP2D6:*39/*49", "CYP2D6:*39/*4xN", "CYP2D6:*39/*5", "CYP2D6:*39/*50", "CYP2D6:*39/*51", "CYP2D6:*39/*53", "CYP2D6:*39/*54", "CYP2D6:*39/*55", "CYP2D6:*39/*56A", "CYP2D6:*39/*56B", "CYP2D6:*39/*57", "CYP2D6:*39/*59", "CYP2D6:*39/*6", "CYP2D6:*39/*62", "CYP2D6:*39/*68", "CYP2D6:*39/*69", "CYP2D6:*39/*6xN", "CYP2D6:*39/*7", "CYP2D6:*39/*72", "CYP2D6:*39/*8", "CYP2D6:*39/*9", "CYP2D6:*39/*92", "CYP2D6:*39/*9x2", "CYP2D6:*3xN/*41x2", "CYP2D6:*3xN/*45", "CYP2D6:*3xN/*46", "CYP2D6:*3xN/*48", "CYP2D6:*3xN/*53", "CYP2D6:*3xN/*9x2", "CYP2D6:*4/*41x2", "CYP2D6:*4/*45", "CYP2D6:*4/*46", "CYP2D6:*4/*48", "CYP2D6:*4/*53", "CYP2D6:*4/*9x2", "CYP2D6:*40/*41x2", "CYP2D6:*40/*45", "CYP2D6:*40/*46", "CYP2D6:*40/*48", "CYP2D6:*40/*53", "CYP2D6:*40/*9x2", "CYP2D6:*41/*41", "CYP2D6:*41/*41x2", "CYP2D6:*41/*45", "CYP2D6:*41/*46", "CYP2D6:*41/*48", "CYP2D6:*41/*49", "CYP2D6:*41/*50", "CYP2D6:*41/*53", "CYP2D6:*41/*54", "CYP2D6:*41/*55", "CYP2D6:*41/*59", "CYP2D6:*41/*72", "CYP2D6:*41/*9", "CYP2D6:*41/*9x2", "CYP2D6:*41x2/*41x2", "CYP2D6:*41x2/*42", "CYP2D6:*41x2/*44", "CYP2D6:*41x2/*45", "CYP2D6:*41x2/*46", "CYP2D6:*41x2/*47", "CYP2D6:*41x2/*48", "CYP2D6:*41x2/*49", "CYP2D6:*41x2/*4xN", "CYP2D6:*41x2/*5", "CYP2D6:*41x2/*50", "CYP2D6:*41x2/*51", "CYP2D6:*41x2/*53", "CYP2D6:*41x2/*54", "CYP2D6:*41x2/*55", "CYP2D6:*41x2/*56A", "CYP2D6:*41x2/*56B", "CYP2D6:*41x2/*57", "CYP2D6:*41x2/*59", "CYP2D6:*41x2/*6", "CYP2D6:*41x2/*62", "CYP2D6:*41x2/*68", "CYP2D6:*41x2/*69", "CYP2D6:*41x2/*6xN", "CYP2D6:*41x2/*7", "CYP2D6:*41x2/*72", "CYP2D6:*41x2/*8", "CYP2D6:*41x2/*9", "CYP2D6:*41x2/*92", "CYP2D6:*41x2/*9x2", "CYP2D6:*42/*45", "CYP2D6:*42/*46", "CYP2D6:*42/*48", "CYP2D6:*42/*53", "CYP2D6:*42/*9x2", "CYP2D6:*44/*45", "CYP2D6:*44/*46", "CYP2D6:*44/*48", "CYP2D6:*44/*53", "CYP2D6:*44/*9x2", "CYP2D6:*45/*45", "CYP2D6:*45/*46", "CYP2D6:*45/*47", "CYP2D6:*45/*48", "CYP2D6:*45/*49", "CYP2D6:*45/*4xN", "CYP2D6:*45/*5", "CYP2D6:*45/*50", "CYP2D6:*45/*51", "CYP2D6:*45/*53", "CYP2D6:*45/*54", "CYP2D6:*45/*55", "CYP2D6:*45/*56A", "CYP2D6:*45/*56B", "CYP2D6:*45/*57", "CYP2D6:*45/*59", "CYP2D6:*45/*6", "CYP2D6:*45/*62", "CYP2D6:*45/*68", "CYP2D6:*45/*69", "CYP2D6:*45/*6xN", "CYP2D6:*45/*7", "CYP2D6:*45/*72", "CYP2D6:*45/*8", "CYP2D6:*45/*9", "CYP2D6:*45/*92", "CYP2D6:*45/*9x2", "CYP2D6:*46/*46", "CYP2D6:*46/*47", "CYP2D6:*46/*48", "CYP2D6:*46/*49", "CYP2D6:*46/*4xN", "CYP2D6:*46/*5", "CYP2D6:*46/*50", "CYP2D6:*46/*51", "CYP2D6:*46/*53", "CYP2D6:*46/*54", "CYP2D6:*46/*55", "CYP2D6:*46/*56A", "CYP2D6:*46/*56B", "CYP2D6:*46/*57", "CYP2D6:*46/*59", "CYP2D6:*46/*6", "CYP2D6:*46/*62", "CYP2D6:*46/*68", "CYP2D6:*46/*69", "CYP2D6:*46/*6xN", "CYP2D6:*46/*7", "CYP2D6:*46/*72", "CYP2D6:*46/*8", "CYP2D6:*46/*9", "CYP2D6:*46/*92", "CYP2D6:*46/*9x2", "CYP2D6:*47/*48", "CYP2D6:*47/*53", "CYP2D6:*47/*9x2", "CYP2D6:*48/*48", "CYP2D6:*48/*49", "CYP2D6:*48/*4xN", "CYP2D6:*48/*5", "CYP2D6:*48/*50", "CYP2D6:*48/*51", "CYP2D6:*48/*53", "CYP2D6:*48/*54", "CYP2D6:*48/*55", "CYP2D6:*48/*56A", "CYP2D6:*48/*56B", "CYP2D6:*48/*57", "CYP2D6:*48/*59", "CYP2D6:*48/*6", "CYP2D6:*48/*62", "CYP2D6:*48/*68", "CYP2D6:*48/*69", "CYP2D6:*48/*6xN", "CYP2D6:*48/*7", "CYP2D6:*48/*72", "CYP2D6:*48/*8", "CYP2D6:*48/*9", "CYP2D6:*48/*92", "CYP2D6:*48/*9x2", "CYP2D6:*49/*49", "CYP2D6:*49/*50", "CYP2D6:*49/*53", "CYP2D6:*49/*54", "CYP2D6:*49/*55", "CYP2D6:*49/*59", "CYP2D6:*49/*72", "CYP2D6:*49/*9", "CYP2D6:*49/*9x2", "CYP2D6:*4xN/*53", "CYP2D6:*4xN/*9x2", "CYP2D6:*5/*53", "CYP2D6:*5/*9x2", "CYP2D6:*50/*50", "CYP2D6:*50/*53", "CYP2D6:*50/*54", "CYP2D6:*50/*55", "CYP2D6:*50/*59", "CYP2D6:*50/*72", "CYP2D6:*50/*9", "CYP2D6:*50/*9x2", "CYP2D6:*51/*53", "CYP2D6:*51/*9x2", "CYP2D6:*53/*53", "CYP2D6:*53/*54", "CYP2D6:*53/*55", "CYP2D6:*53/*56A", "CYP2D6:*53/*56B", "CYP2D6:*53/*57", "CYP2D6:*53/*59", "CYP2D6:*53/*6", "CYP2D6:*53/*62", "CYP2D6:*53/*68", "CYP2D6:*53/*69", "CYP2D6:*53/*6xN", "CYP2D6:*53/*7", "CYP2D6:*53/*72", "CYP2D6:*53/*8", "CYP2D6:*53/*9", "CYP2D6:*53/*92", "CYP2D6:*53/*9x2", "CYP2D6:*54/*54", "CYP2D6:*54/*55", "CYP2D6:*54/*59", "CYP2D6:*54/*72", "CYP2D6:*54/*9", "CYP2D6:*54/*9x2", "CYP2D6:*55/*55", "CYP2D6:*55/*59", "CYP2D6:*55/*72", "CYP2D6:*55/*9", "CYP2D6:*55/*9x2", "CYP2D6:*56A/*9x2", "CYP2D6:*56B/*9x2", "CYP2D6:*57/*9x2", "CYP2D6:*59/*59", "CYP2D6:*59/*72", "CYP2D6:*59/*9", "CYP2D6:*59/*9x2", "CYP2D6:*6/*9x2", "CYP2D6:*62/*9x2", "CYP2D6:*68/*9x2", "CYP2D6:*69/*9x2", "CYP2D6:*6xN/*9x2", "CYP2D6:*7/*9x2", "CYP2D6:*72/*72", "CYP2D6:*72/*9", "CYP2D6:*72/*9x2", "CYP2D6:*8/*9x2", "CYP2D6:*9/*9", "CYP2D6:*9/*9x2", "CYP2D6:*92/*9x2", "CYP2D6:*9x2/*9x2" ],
    "strength" : {
      "@id" : "https://www.pharmgkb.org/data/ontologyTerm/guidelineStrength/guidelineStrength:981501930",
      "@context" : "https://www.pharmgkb.org/jsonld/ontologyTerm.jsonld",
      "id" : 981501930,
      "src" : "guidelineStrength",
      "term" : "Strong",
      "termId" : "guidelineStrength:981501930"
    }
  }, {
    "objCls" : "DosingGuidelineAnnotationGroup",
    "@id" : "https://www.pharmgkb.org/data/dosingGuidelineAnnotationGroup/PA166128779",
    "@context" : "https://www.pharmgkb.org/jsonld/dosingGuidelineAnnotationGroup.jsonld",
    "id" : "PA166128779",
    "name" : "Intermediate",
    "annotations" : [ {
      "id" : 1445566935,
      "text" : "0.5",
      "textHtml" : "<p>0.5</p>",
      "type" : {
        "@id" : "https://www.pharmgkb.org/data/ontologyTerm/guidelineTags/guidelineTags:981501924",
        "@context" : "https://www.pharmgkb.org/jsonld/ontologyTerm.jsonld",
        "id" : 981501924,
        "src" : "guidelineTags",
        "term" : "Activity Score",
        "termId" : "guidelineTags:981501924"
      }
    }, {
      "id" : 1445566937,
      "text" : "Reduced metabolism of tricyclics to less active compounds when compared to extensive metabolizers. Higher plasma concentrations will increase the probability of side effects.",
      "textHtml" : "<p>Reduced metabolism of tricyclics to less active compounds when compared to extensive metabolizers. Higher plasma concentrations will increase the probability of side effects.</p>",
      "type" : {
        "@id" : "https://www.pharmgkb.org/data/ontologyTerm/guidelineTags/guidelineTags:981501925",
        "@context" : "https://www.pharmgkb.org/jsonld/ontologyTerm.jsonld",
        "id" : 981501925,
        "src" : "guidelineTags",
        "term" : "Implications",
        "termId" : "guidelineTags:981501925"
      }
    }, {
      "id" : 1445566938,
      "text" : "Intermediate metabolizer",
      "textHtml" : "<p>Intermediate metabolizer </p>",
      "type" : {
        "@id" : "https://www.pharmgkb.org/data/ontologyTerm/guidelineTags/guidelineTags:981501926",
        "@context" : "https://www.pharmgkb.org/jsonld/ontologyTerm.jsonld",
        "id" : 981501926,
        "src" : "guidelineTags",
        "term" : "Metabolizer Status",
        "termId" : "guidelineTags:981501926"
      }
    }, {
      "id" : 1445566936,
      "text" : "An individual carrying one reduced and one nonfunctional allele",
      "textHtml" : "<p>An individual carrying one reduced and one nonfunctional allele</p>",
      "type" : {
        "@id" : "https://www.pharmgkb.org/data/ontologyTerm/guidelineTags/guidelineTags:981501927",
        "@context" : "https://www.pharmgkb.org/jsonld/ontologyTerm.jsonld",
        "id" : 981501927,
        "src" : "guidelineTags",
        "term" : "Phenotype (Genotype)",
        "termId" : "guidelineTags:981501927"
      }
    }, {
      "id" : 1445566939,
      "text" : "Consider 25% reduction of recommended starting dose.  Utilize therapeutic drug monitoring to guide dose adjustments.\r\n\r\n_Patients may receive an initial low dose of tricyclics, which is then increased over several days to the recommended steady-state dose. The starting dose in this guideline refers to the recommended steady-state dose. Dosing recommendations only apply to higher initial doses of nortriptyline for treatment of conditions such as depression._",
      "textHtml" : "<p>Consider 25% reduction of recommended starting dose.  Utilize therapeutic drug monitoring to guide dose adjustments.</p><p><em>Patients may receive an initial low dose of tricyclics, which is then increased over several days to the recommended steady-state dose. The starting dose in this guideline refers to the recommended steady-state dose. Dosing recommendations only apply to higher initial doses of nortriptyline for treatment of conditions such as depression.</em></p>",
      "type" : {
        "@id" : "https://www.pharmgkb.org/data/ontologyTerm/guidelineTags/guidelineTags:981501928",
        "@context" : "https://www.pharmgkb.org/jsonld/ontologyTerm.jsonld",
        "id" : 981501928,
        "src" : "guidelineTags",
        "term" : "Recommendations",
        "termId" : "guidelineTags:981501928"
      }
    } ],
    "genotypes" : [ "CYP2D6:*10/*100", "CYP2D6:*10/*101", "CYP2D6:*10/*11", "CYP2D6:*10/*12", "CYP2D6:*10/*13", "CYP2D6:*10/*14A", "CYP2D6:*10/*15", "CYP2D6:*10/*18", "CYP2D6:*10/*19", "CYP2D6:*10/*20", "CYP2D6:*10/*21", "CYP2D6:*10/*3", "CYP2D6:*10/*31", "CYP2D6:*10/*36", "CYP2D6:*10/*36xN", "CYP2D6:*10/*38", "CYP2D6:*10/*3xN", "CYP2D6:*10/*4", "CYP2D6:*10/*40", "CYP2D6:*10/*42", "CYP2D6:*10/*44", "CYP2D6:*10/*47", "CYP2D6:*10/*4xN", "CYP2D6:*10/*5", "CYP2D6:*10/*51", "CYP2D6:*10/*56A", "CYP2D6:*10/*56B", "CYP2D6:*10/*57", "CYP2D6:*10/*6", "CYP2D6:*10/*62", "CYP2D6:*10/*68", "CYP2D6:*10/*69", "CYP2D6:*10/*6xN", "CYP2D6:*10/*7", "CYP2D6:*10/*8", "CYP2D6:*10/*92", "CYP2D6:*100/*14B", "CYP2D6:*100/*17", "CYP2D6:*100/*29", "CYP2D6:*100/*41", "CYP2D6:*100/*49", "CYP2D6:*100/*50", "CYP2D6:*100/*54", "CYP2D6:*100/*55", "CYP2D6:*100/*59", "CYP2D6:*100/*72", "CYP2D6:*100/*9", "CYP2D6:*101/*14B", "CYP2D6:*101/*17", "CYP2D6:*101/*29", "CYP2D6:*101/*41", "CYP2D6:*101/*49", "CYP2D6:*101/*50", "CYP2D6:*101/*54", "CYP2D6:*101/*55", "CYP2D6:*101/*59", "CYP2D6:*101/*72", "CYP2D6:*101/*9", "CYP2D6:*11/*14B", "CYP2D6:*11/*17", "CYP2D6:*11/*29", "CYP2D6:*11/*41", "CYP2D6:*11/*49", "CYP2D6:*11/*50", "CYP2D6:*11/*54", "CYP2D6:*11/*55", "CYP2D6:*11/*59", "CYP2D6:*11/*72", "CYP2D6:*11/*9", "CYP2D6:*12/*14B", "CYP2D6:*12/*17", "CYP2D6:*12/*29", "CYP2D6:*12/*41", "CYP2D6:*12/*49", "CYP2D6:*12/*50", "CYP2D6:*12/*54", "CYP2D6:*12/*55", "CYP2D6:*12/*59", "CYP2D6:*12/*72", "CYP2D6:*12/*9", "CYP2D6:*13/*14B", "CYP2D6:*13/*17", "CYP2D6:*13/*29", "CYP2D6:*13/*41", "CYP2D6:*13/*49", "CYP2D6:*13/*50", "CYP2D6:*13/*54", "CYP2D6:*13/*55", "CYP2D6:*13/*59", "CYP2D6:*13/*72", "CYP2D6:*13/*9", "CYP2D6:*14A/*14B", "CYP2D6:*14A/*17", "CYP2D6:*14A/*29", "CYP2D6:*14A/*41", "CYP2D6:*14A/*49", "CYP2D6:*14A/*50", "CYP2D6:*14A/*54", "CYP2D6:*14A/*55", "CYP2D6:*14A/*59", "CYP2D6:*14A/*72", "CYP2D6:*14A/*9", "CYP2D6:*14B/*15", "CYP2D6:*14B/*18", "CYP2D6:*14B/*19", "CYP2D6:*14B/*20", "CYP2D6:*14B/*21", "CYP2D6:*14B/*3", "CYP2D6:*14B/*31", "CYP2D6:*14B/*36", "CYP2D6:*14B/*36xN", "CYP2D6:*14B/*38", "CYP2D6:*14B/*3xN", "CYP2D6:*14B/*4", "CYP2D6:*14B/*40", "CYP2D6:*14B/*42", "CYP2D6:*14B/*44", "CYP2D6:*14B/*47", "CYP2D6:*14B/*4xN", "CYP2D6:*14B/*5", "CYP2D6:*14B/*51", "CYP2D6:*14B/*56A", "CYP2D6:*14B/*56B", "CYP2D6:*14B/*57", "CYP2D6:*14B/*6", "CYP2D6:*14B/*62", "CYP2D6:*14B/*68", "CYP2D6:*14B/*69", "CYP2D6:*14B/*6xN", "CYP2D6:*14B/*7", "CYP2D6:*14B/*8", "CYP2D6:*14B/*92", "CYP2D6:*15/*17", "CYP2D6:*15/*29", "CYP2D6:*15/*41", "CYP2D6:*15/*49", "CYP2D6:*15/*50", "CYP2D6:*15/*54", "CYP2D6:*15/*55", "CYP2D6:*15/*59", "CYP2D6:*15/*72", "CYP2D6:*15/*9", "CYP2D6:*17/*18", "CYP2D6:*17/*19", "CYP2D6:*17/*20", "CYP2D6:*17/*21", "CYP2D6:*17/*3", "CYP2D6:*17/*31", "CYP2D6:*17/*36", "CYP2D6:*17/*36xN", "CYP2D6:*17/*38", "CYP2D6:*17/*3xN", "CYP2D6:*17/*4", "CYP2D6:*17/*40", "CYP2D6:*17/*42", "CYP2D6:*17/*44", "CYP2D6:*17/*47", "CYP2D6:*17/*4xN", "CYP2D6:*17/*5", "CYP2D6:*17/*51", "CYP2D6:*17/*56A", "CYP2D6:*17/*56B", "CYP2D6:*17/*57", "CYP2D6:*17/*6", "CYP2D6:*17/*62", "CYP2D6:*17/*68", "CYP2D6:*17/*69", "CYP2D6:*17/*6xN", "CYP2D6:*17/*7", "CYP2D6:*17/*8", "CYP2D6:*17/*92", "CYP2D6:*18/*29", "CYP2D6:*18/*41", "CYP2D6:*18/*49", "CYP2D6:*18/*50", "CYP2D6:*18/*54", "CYP2D6:*18/*55", "CYP2D6:*18/*59", "CYP2D6:*18/*72", "CYP2D6:*18/*9", "CYP2D6:*19/*29", "CYP2D6:*19/*41", "CYP2D6:*19/*49", "CYP2D6:*19/*50", "CYP2D6:*19/*54", "CYP2D6:*19/*55", "CYP2D6:*19/*59", "CYP2D6:*19/*72", "CYP2D6:*19/*9", "CYP2D6:*20/*29", "CYP2D6:*20/*41", "CYP2D6:*20/*49", "CYP2D6:*20/*50", "CYP2D6:*20/*54", "CYP2D6:*20/*55", "CYP2D6:*20/*59", "CYP2D6:*20/*72", "CYP2D6:*20/*9", "CYP2D6:*21/*29", "CYP2D6:*21/*41", "CYP2D6:*21/*49", "CYP2D6:*21/*50", "CYP2D6:*21/*54", "CYP2D6:*21/*55", "CYP2D6:*21/*59", "CYP2D6:*21/*72", "CYP2D6:*21/*9", "CYP2D6:*29/*3", "CYP2D6:*29/*31", "CYP2D6:*29/*36", "CYP2D6:*29/*36xN", "CYP2D6:*29/*38", "CYP2D6:*29/*3xN", "CYP2D6:*29/*4", "CYP2D6:*29/*40", "CYP2D6:*29/*42", "CYP2D6:*29/*44", "CYP2D6:*29/*47", "CYP2D6:*29/*4xN", "CYP2D6:*29/*5", "CYP2D6:*29/*51", "CYP2D6:*29/*56A", "CYP2D6:*29/*56B", "CYP2D6:*29/*57", "CYP2D6:*29/*6", "CYP2D6:*29/*62", "CYP2D6:*29/*68", "CYP2D6:*29/*69", "CYP2D6:*29/*6xN", "CYP2D6:*29/*7", "CYP2D6:*29/*8", "CYP2D6:*29/*92", "CYP2D6:*3/*41", "CYP2D6:*3/*49", "CYP2D6:*3/*50", "CYP2D6:*3/*54", "CYP2D6:*3/*55", "CYP2D6:*3/*59", "CYP2D6:*3/*72", "CYP2D6:*3/*9", "CYP2D6:*31/*41", "CYP2D6:*31/*49", "CYP2D6:*31/*50", "CYP2D6:*31/*54", "CYP2D6:*31/*55", "CYP2D6:*31/*59", "CYP2D6:*31/*72", "CYP2D6:*31/*9", "CYP2D6:*36/*41", "CYP2D6:*36/*49", "CYP2D6:*36/*50", "CYP2D6:*36/*54", "CYP2D6:*36/*55", "CYP2D6:*36/*59", "CYP2D6:*36/*72", "CYP2D6:*36/*9", "CYP2D6:*36xN/*41", "CYP2D6:*36xN/*49", "CYP2D6:*36xN/*50", "CYP2D6:*36xN/*54", "CYP2D6:*36xN/*55", "CYP2D6:*36xN/*59", "CYP2D6:*36xN/*72", "CYP2D6:*36xN/*9", "CYP2D6:*38/*41", "CYP2D6:*38/*49", "CYP2D6:*38/*50", "CYP2D6:*38/*54", "CYP2D6:*38/*55", "CYP2D6:*38/*59", "CYP2D6:*38/*72", "CYP2D6:*38/*9", "CYP2D6:*3xN/*41", "CYP2D6:*3xN/*49", "CYP2D6:*3xN/*50", "CYP2D6:*3xN/*54", "CYP2D6:*3xN/*55", "CYP2D6:*3xN/*59", "CYP2D6:*3xN/*72", "CYP2D6:*3xN/*9", "CYP2D6:*4/*41", "CYP2D6:*4/*49", "CYP2D6:*4/*50", "CYP2D6:*4/*54", "CYP2D6:*4/*55", "CYP2D6:*4/*59", "CYP2D6:*4/*72", "CYP2D6:*4/*9", "CYP2D6:*40/*41", "CYP2D6:*40/*49", "CYP2D6:*40/*50", "CYP2D6:*40/*54", "CYP2D6:*40/*55", "CYP2D6:*40/*59", "CYP2D6:*40/*72", "CYP2D6:*40/*9", "CYP2D6:*41/*42", "CYP2D6:*41/*44", "CYP2D6:*41/*47", "CYP2D6:*41/*4xN", "CYP2D6:*41/*5", "CYP2D6:*41/*51", "CYP2D6:*41/*56A", "CYP2D6:*41/*56B", "CYP2D6:*41/*57", "CYP2D6:*41/*6", "CYP2D6:*41/*62", "CYP2D6:*41/*68", "CYP2D6:*41/*69", "CYP2D6:*41/*6xN", "CYP2D6:*41/*7", "CYP2D6:*41/*8", "CYP2D6:*41/*92", "CYP2D6:*42/*49", "CYP2D6:*42/*50", "CYP2D6:*42/*54", "CYP2D6:*42/*55", "CYP2D6:*42/*59", "CYP2D6:*42/*72", "CYP2D6:*42/*9", "CYP2D6:*44/*49", "CYP2D6:*44/*50", "CYP2D6:*44/*54", "CYP2D6:*44/*55", "CYP2D6:*44/*59", "CYP2D6:*44/*72", "CYP2D6:*44/*9", "CYP2D6:*47/*49", "CYP2D6:*47/*50", "CYP2D6:*47/*54", "CYP2D6:*47/*55", "CYP2D6:*47/*59", "CYP2D6:*47/*72", "CYP2D6:*47/*9", "CYP2D6:*49/*4xN", "CYP2D6:*49/*5", "CYP2D6:*49/*51", "CYP2D6:*49/*56A", "CYP2D6:*49/*56B", "CYP2D6:*49/*57", "CYP2D6:*49/*6", "CYP2D6:*49/*62", "CYP2D6:*49/*68", "CYP2D6:*49/*69", "CYP2D6:*49/*6xN", "CYP2D6:*49/*7", "CYP2D6:*49/*8", "CYP2D6:*49/*92", "CYP2D6:*4xN/*50", "CYP2D6:*4xN/*54", "CYP2D6:*4xN/*55", "CYP2D6:*4xN/*59", "CYP2D6:*4xN/*72", "CYP2D6:*4xN/*9", "CYP2D6:*5/*50", "CYP2D6:*5/*54", "CYP2D6:*5/*55", "CYP2D6:*5/*59", "CYP2D6:*5/*72", "CYP2D6:*5/*9", "CYP2D6:*50/*51", "CYP2D6:*50/*56A", "CYP2D6:*50/*56B", "CYP2D6:*50/*57", "CYP2D6:*50/*6", "CYP2D6:*50/*62", "CYP2D6:*50/*68", "CYP2D6:*50/*69", "CYP2D6:*50/*6xN", "CYP2D6:*50/*7", "CYP2D6:*50/*8", "CYP2D6:*50/*92", "CYP2D6:*51/*54", "CYP2D6:*51/*55", "CYP2D6:*51/*59", "CYP2D6:*51/*72", "CYP2D6:*51/*9", "CYP2D6:*54/*56A", "CYP2D6:*54/*56B", "CYP2D6:*54/*57", "CYP2D6:*54/*6", "CYP2D6:*54/*62", "CYP2D6:*54/*68", "CYP2D6:*54/*69", "CYP2D6:*54/*6xN", "CYP2D6:*54/*7", "CYP2D6:*54/*8", "CYP2D6:*54/*92", "CYP2D6:*55/*56A", "CYP2D6:*55/*56B", "CYP2D6:*55/*57", "CYP2D6:*55/*6", "CYP2D6:*55/*62", "CYP2D6:*55/*68", "CYP2D6:*55/*69", "CYP2D6:*55/*6xN", "CYP2D6:*55/*7", "CYP2D6:*55/*8", "CYP2D6:*55/*92", "CYP2D6:*56A/*59", "CYP2D6:*56A/*72", "CYP2D6:*56A/*9", "CYP2D6:*56B/*59", "CYP2D6:*56B/*72", "CYP2D6:*56B/*9", "CYP2D6:*57/*59", "CYP2D6:*57/*72", "CYP2D6:*57/*9", "CYP2D6:*59/*6", "CYP2D6:*59/*62", "CYP2D6:*59/*68", "CYP2D6:*59/*69", "CYP2D6:*59/*6xN", "CYP2D6:*59/*7", "CYP2D6:*59/*8", "CYP2D6:*59/*92", "CYP2D6:*6/*72", "CYP2D6:*6/*9", "CYP2D6:*62/*72", "CYP2D6:*62/*9", "CYP2D6:*68/*72", "CYP2D6:*68/*9", "CYP2D6:*69/*72", "CYP2D6:*69/*9", "CYP2D6:*6xN/*72", "CYP2D6:*6xN/*9", "CYP2D6:*7/*72", "CYP2D6:*7/*9", "CYP2D6:*72/*8", "CYP2D6:*72/*92", "CYP2D6:*8/*9", "CYP2D6:*9/*92" ],
    "strength" : {
      "@id" : "https://www.pharmgkb.org/data/ontologyTerm/guidelineStrength/guidelineStrength:981501931",
      "@context" : "https://www.pharmgkb.org/jsonld/ontologyTerm.jsonld",
      "id" : 981501931,
      "src" : "guidelineStrength",
      "term" : "Moderate",
      "termId" : "guidelineStrength:981501931"
    }
  }, {
    "objCls" : "DosingGuidelineAnnotationGroup",
    "@id" : "https://www.pharmgkb.org/data/dosingGuidelineAnnotationGroup/PA166128780",
    "@context" : "https://www.pharmgkb.org/jsonld/dosingGuidelineAnnotationGroup.jsonld",
    "id" : "PA166128780",
    "name" : "Poor",
    "annotations" : [ {
      "id" : 1445566940,
      "text" : "0",
      "textHtml" : "<p>0</p>",
      "type" : {
        "@id" : "https://www.pharmgkb.org/data/ontologyTerm/guidelineTags/guidelineTags:981501924",
        "@context" : "https://www.pharmgkb.org/jsonld/ontologyTerm.jsonld",
        "id" : 981501924,
        "src" : "guidelineTags",
        "term" : "Activity Score",
        "termId" : "guidelineTags:981501924"
      }
    }, {
      "id" : 1445566942,
      "text" : "Greatly reduced metabolism of tricyclics to less active compounds when compared to extensive metabolizers. Higher plasma concentrations will increase the probability of side effects.",
      "textHtml" : "<p>Greatly reduced metabolism of tricyclics to less active compounds when compared to extensive metabolizers. Higher plasma concentrations will increase the probability of side effects.</p>",
      "type" : {
        "@id" : "https://www.pharmgkb.org/data/ontologyTerm/guidelineTags/guidelineTags:981501925",
        "@context" : "https://www.pharmgkb.org/jsonld/ontologyTerm.jsonld",
        "id" : 981501925,
        "src" : "guidelineTags",
        "term" : "Implications",
        "termId" : "guidelineTags:981501925"
      }
    }, {
      "id" : 1445566943,
      "text" : "Poor metabolizer",
      "textHtml" : "<p>Poor metabolizer </p>",
      "type" : {
        "@id" : "https://www.pharmgkb.org/data/ontologyTerm/guidelineTags/guidelineTags:981501926",
        "@context" : "https://www.pharmgkb.org/jsonld/ontologyTerm.jsonld",
        "id" : 981501926,
        "src" : "guidelineTags",
        "term" : "Metabolizer Status",
        "termId" : "guidelineTags:981501926"
      }
    }, {
      "id" : 1445566941,
      "text" : "An individual carrying no functional alleles",
      "textHtml" : "<p>An individual carrying no functional alleles</p>",
      "type" : {
        "@id" : "https://www.pharmgkb.org/data/ontologyTerm/guidelineTags/guidelineTags:981501927",
        "@context" : "https://www.pharmgkb.org/jsonld/ontologyTerm.jsonld",
        "id" : 981501927,
        "src" : "guidelineTags",
        "term" : "Phenotype (Genotype)",
        "termId" : "guidelineTags:981501927"
      }
    }, {
      "id" : 1445566944,
      "text" : "Avoid tricyclic use due to potential for side effects. Consider alternative drug not metabolized by CYP2D6.\r\n\r\n_If a tricyclic is warranted, consider 50% reduction of recommended starting dose. Patients may receive an initial low dose of tricyclics, which is then increased over several days to the recommended steady-state dose. The starting dose in this guideline refers to the recommended steady-state dose. Dosing recommendations only apply to higher initial doses of nortriptyline for treatment of conditions such as depression. Utilize therapeutic drug monitoring to guide dose adjustments._",
      "textHtml" : "<p>Avoid tricyclic use due to potential for side effects. Consider alternative drug not metabolized by CYP2D6.</p><p><em>If a tricyclic is warranted, consider 50% reduction of recommended starting dose. Patients may receive an initial low dose of tricyclics, which is then increased over several days to the recommended steady-state dose. The starting dose in this guideline refers to the recommended steady-state dose. Dosing recommendations only apply to higher initial doses of nortriptyline for treatment of conditions such as depression. Utilize therapeutic drug monitoring to guide dose adjustments.</em></p>",
      "type" : {
        "@id" : "https://www.pharmgkb.org/data/ontologyTerm/guidelineTags/guidelineTags:981501928",
        "@context" : "https://www.pharmgkb.org/jsonld/ontologyTerm.jsonld",
        "id" : 981501928,
        "src" : "guidelineTags",
        "term" : "Recommendations",
        "termId" : "guidelineTags:981501928"
      }
    } ],
    "genotypes" : [ "CYP2D6:*100/*100", "CYP2D6:*100/*101", "CYP2D6:*100/*11", "CYP2D6:*100/*12", "CYP2D6:*100/*13", "CYP2D6:*100/*14A", "CYP2D6:*100/*15", "CYP2D6:*100/*18", "CYP2D6:*100/*19", "CYP2D6:*100/*20", "CYP2D6:*100/*21", "CYP2D6:*100/*3", "CYP2D6:*100/*31", "CYP2D6:*100/*36", "CYP2D6:*100/*36xN", "CYP2D6:*100/*38", "CYP2D6:*100/*3xN", "CYP2D6:*100/*4", "CYP2D6:*100/*40", "CYP2D6:*100/*42", "CYP2D6:*100/*44", "CYP2D6:*100/*47", "CYP2D6:*100/*4xN", "CYP2D6:*100/*5", "CYP2D6:*100/*51", "CYP2D6:*100/*56A", "CYP2D6:*100/*56B", "CYP2D6:*100/*57", "CYP2D6:*100/*6", "CYP2D6:*100/*62", "CYP2D6:*100/*68", "CYP2D6:*100/*69", "CYP2D6:*100/*6xN", "CYP2D6:*100/*7", "CYP2D6:*100/*8", "CYP2D6:*100/*92", "CYP2D6:*101/*101", "CYP2D6:*101/*11", "CYP2D6:*101/*12", "CYP2D6:*101/*13", "CYP2D6:*101/*14A", "CYP2D6:*101/*15", "CYP2D6:*101/*18", "CYP2D6:*101/*19", "CYP2D6:*101/*20", "CYP2D6:*101/*21", "CYP2D6:*101/*3", "CYP2D6:*101/*31", "CYP2D6:*101/*36", "CYP2D6:*101/*36xN", "CYP2D6:*101/*38", "CYP2D6:*101/*3xN", "CYP2D6:*101/*4", "CYP2D6:*101/*40", "CYP2D6:*101/*42", "CYP2D6:*101/*44", "CYP2D6:*101/*47", "CYP2D6:*101/*4xN", "CYP2D6:*101/*5", "CYP2D6:*101/*51", "CYP2D6:*101/*56A", "CYP2D6:*101/*56B", "CYP2D6:*101/*57", "CYP2D6:*101/*6", "CYP2D6:*101/*62", "CYP2D6:*101/*68", "CYP2D6:*101/*69", "CYP2D6:*101/*6xN", "CYP2D6:*101/*7", "CYP2D6:*101/*8", "CYP2D6:*101/*92", "CYP2D6:*11/*11", "CYP2D6:*11/*12", "CYP2D6:*11/*13", "CYP2D6:*11/*14A", "CYP2D6:*11/*15", "CYP2D6:*11/*18", "CYP2D6:*11/*19", "CYP2D6:*11/*20", "CYP2D6:*11/*21", "CYP2D6:*11/*3", "CYP2D6:*11/*31", "CYP2D6:*11/*36", "CYP2D6:*11/*36xN", "CYP2D6:*11/*38", "CYP2D6:*11/*3xN", "CYP2D6:*11/*4", "CYP2D6:*11/*40", "CYP2D6:*11/*42", "CYP2D6:*11/*44", "CYP2D6:*11/*47", "CYP2D6:*11/*4xN", "CYP2D6:*11/*5", "CYP2D6:*11/*51", "CYP2D6:*11/*56A", "CYP2D6:*11/*56B", "CYP2D6:*11/*57", "CYP2D6:*11/*6", "CYP2D6:*11/*62", "CYP2D6:*11/*68", "CYP2D6:*11/*69", "CYP2D6:*11/*6xN", "CYP2D6:*11/*7", "CYP2D6:*11/*8", "CYP2D6:*11/*92", "CYP2D6:*12/*12", "CYP2D6:*12/*13", "CYP2D6:*12/*14A", "CYP2D6:*12/*15", "CYP2D6:*12/*18", "CYP2D6:*12/*19", "CYP2D6:*12/*20", "CYP2D6:*12/*21", "CYP2D6:*12/*3", "CYP2D6:*12/*31", "CYP2D6:*12/*36", "CYP2D6:*12/*36xN", "CYP2D6:*12/*38", "CYP2D6:*12/*3xN", "CYP2D6:*12/*4", "CYP2D6:*12/*40", "CYP2D6:*12/*42", "CYP2D6:*12/*44", "CYP2D6:*12/*47", "CYP2D6:*12/*4xN", "CYP2D6:*12/*5", "CYP2D6:*12/*51", "CYP2D6:*12/*56A", "CYP2D6:*12/*56B", "CYP2D6:*12/*57", "CYP2D6:*12/*6", "CYP2D6:*12/*62", "CYP2D6:*12/*68", "CYP2D6:*12/*69", "CYP2D6:*12/*6xN", "CYP2D6:*12/*7", "CYP2D6:*12/*8", "CYP2D6:*12/*92", "CYP2D6:*13/*13", "CYP2D6:*13/*14A", "CYP2D6:*13/*15", "CYP2D6:*13/*18", "CYP2D6:*13/*19", "CYP2D6:*13/*20", "CYP2D6:*13/*21", "CYP2D6:*13/*3", "CYP2D6:*13/*31", "CYP2D6:*13/*36", "CYP2D6:*13/*36xN", "CYP2D6:*13/*38", "CYP2D6:*13/*3xN", "CYP2D6:*13/*4", "CYP2D6:*13/*40", "CYP2D6:*13/*42", "CYP2D6:*13/*44", "CYP2D6:*13/*47", "CYP2D6:*13/*4xN", "CYP2D6:*13/*5", "CYP2D6:*13/*51", "CYP2D6:*13/*56A", "CYP2D6:*13/*56B", "CYP2D6:*13/*57", "CYP2D6:*13/*6", "CYP2D6:*13/*62", "CYP2D6:*13/*68", "CYP2D6:*13/*69", "CYP2D6:*13/*6xN", "CYP2D6:*13/*7", "CYP2D6:*13/*8", "CYP2D6:*13/*92", "CYP2D6:*14A/*14A", "CYP2D6:*14A/*15", "CYP2D6:*14A/*18", "CYP2D6:*14A/*19", "CYP2D6:*14A/*20", "CYP2D6:*14A/*21", "CYP2D6:*14A/*3", "CYP2D6:*14A/*31", "CYP2D6:*14A/*36", "CYP2D6:*14A/*36xN", "CYP2D6:*14A/*38", "CYP2D6:*14A/*3xN", "CYP2D6:*14A/*4", "CYP2D6:*14A/*40", "CYP2D6:*14A/*42", "CYP2D6:*14A/*44", "CYP2D6:*14A/*47", "CYP2D6:*14A/*4xN", "CYP2D6:*14A/*5", "CYP2D6:*14A/*51", "CYP2D6:*14A/*56A", "CYP2D6:*14A/*56B", "CYP2D6:*14A/*57", "CYP2D6:*14A/*6", "CYP2D6:*14A/*62", "CYP2D6:*14A/*68", "CYP2D6:*14A/*69", "CYP2D6:*14A/*6xN", "CYP2D6:*14A/*7", "CYP2D6:*14A/*8", "CYP2D6:*14A/*92", "CYP2D6:*15/*15", "CYP2D6:*15/*18", "CYP2D6:*15/*19", "CYP2D6:*15/*20", "CYP2D6:*15/*21", "CYP2D6:*15/*3", "CYP2D6:*15/*31", "CYP2D6:*15/*36", "CYP2D6:*15/*36xN", "CYP2D6:*15/*38", "CYP2D6:*15/*3xN", "CYP2D6:*15/*4", "CYP2D6:*15/*40", "CYP2D6:*15/*42", "CYP2D6:*15/*44", "CYP2D6:*15/*47", "CYP2D6:*15/*4xN", "CYP2D6:*15/*5", "CYP2D6:*15/*51", "CYP2D6:*15/*56A", "CYP2D6:*15/*56B", "CYP2D6:*15/*57", "CYP2D6:*15/*6", "CYP2D6:*15/*62", "CYP2D6:*15/*68", "CYP2D6:*15/*69", "CYP2D6:*15/*6xN", "CYP2D6:*15/*7", "CYP2D6:*15/*8", "CYP2D6:*15/*92", "CYP2D6:*18/*18", "CYP2D6:*18/*19", "CYP2D6:*18/*20", "CYP2D6:*18/*21", "CYP2D6:*18/*3", "CYP2D6:*18/*31", "CYP2D6:*18/*36", "CYP2D6:*18/*36xN", "CYP2D6:*18/*38", "CYP2D6:*18/*3xN", "CYP2D6:*18/*4", "CYP2D6:*18/*40", "CYP2D6:*18/*42", "CYP2D6:*18/*44", "CYP2D6:*18/*47", "CYP2D6:*18/*4xN", "CYP2D6:*18/*5", "CYP2D6:*18/*51", "CYP2D6:*18/*56A", "CYP2D6:*18/*56B", "CYP2D6:*18/*57", "CYP2D6:*18/*6", "CYP2D6:*18/*62", "CYP2D6:*18/*68", "CYP2D6:*18/*69", "CYP2D6:*18/*6xN", "CYP2D6:*18/*7", "CYP2D6:*18/*8", "CYP2D6:*18/*92", "CYP2D6:*19/*19", "CYP2D6:*19/*20", "CYP2D6:*19/*21", "CYP2D6:*19/*3", "CYP2D6:*19/*31", "CYP2D6:*19/*36", "CYP2D6:*19/*36xN", "CYP2D6:*19/*38", "CYP2D6:*19/*3xN", "CYP2D6:*19/*4", "CYP2D6:*19/*40", "CYP2D6:*19/*42", "CYP2D6:*19/*44", "CYP2D6:*19/*47", "CYP2D6:*19/*4xN", "CYP2D6:*19/*5", "CYP2D6:*19/*51", "CYP2D6:*19/*56A", "CYP2D6:*19/*56B", "CYP2D6:*19/*57", "CYP2D6:*19/*6", "CYP2D6:*19/*62", "CYP2D6:*19/*68", "CYP2D6:*19/*69", "CYP2D6:*19/*6xN", "CYP2D6:*19/*7", "CYP2D6:*19/*8", "CYP2D6:*19/*92", "CYP2D6:*20/*20", "CYP2D6:*20/*21", "CYP2D6:*20/*3", "CYP2D6:*20/*31", "CYP2D6:*20/*36", "CYP2D6:*20/*36xN", "CYP2D6:*20/*38", "CYP2D6:*20/*3xN", "CYP2D6:*20/*4", "CYP2D6:*20/*40", "CYP2D6:*20/*42", "CYP2D6:*20/*44", "CYP2D6:*20/*47", "CYP2D6:*20/*4xN", "CYP2D6:*20/*5", "CYP2D6:*20/*51", "CYP2D6:*20/*56A", "CYP2D6:*20/*56B", "CYP2D6:*20/*57", "CYP2D6:*20/*6", "CYP2D6:*20/*62", "CYP2D6:*20/*68", "CYP2D6:*20/*69", "CYP2D6:*20/*6xN", "CYP2D6:*20/*7", "CYP2D6:*20/*8", "CYP2D6:*20/*92", "CYP2D6:*21/*21", "CYP2D6:*21/*3", "CYP2D6:*21/*31", "CYP2D6:*21/*36", "CYP2D6:*21/*36xN", "CYP2D6:*21/*38", "CYP2D6:*21/*3xN", "CYP2D6:*21/*4", "CYP2D6:*21/*40", "CYP2D6:*21/*42", "CYP2D6:*21/*44", "CYP2D6:*21/*47", "CYP2D6:*21/*4xN", "CYP2D6:*21/*5", "CYP2D6:*21/*51", "CYP2D6:*21/*56A", "CYP2D6:*21/*56B", "CYP2D6:*21/*57", "CYP2D6:*21/*6", "CYP2D6:*21/*62", "CYP2D6:*21/*68", "CYP2D6:*21/*69", "CYP2D6:*21/*6xN", "CYP2D6:*21/*7", "CYP2D6:*21/*8", "CYP2D6:*21/*92", "CYP2D6:*3/*3", "CYP2D6:*3/*31", "CYP2D6:*3/*36", "CYP2D6:*3/*36xN", "CYP2D6:*3/*38", "CYP2D6:*3/*3xN", "CYP2D6:*3/*4", "CYP2D6:*3/*40", "CYP2D6:*3/*42", "CYP2D6:*3/*44", "CYP2D6:*3/*47", "CYP2D6:*3/*4xN", "CYP2D6:*3/*5", "CYP2D6:*3/*51", "CYP2D6:*3/*56A", "CYP2D6:*3/*56B", "CYP2D6:*3/*57", "CYP2D6:*3/*6", "CYP2D6:*3/*62", "CYP2D6:*3/*68", "CYP2D6:*3/*69", "CYP2D6:*3/*6xN", "CYP2D6:*3/*7", "CYP2D6:*3/*8", "CYP2D6:*3/*92", "CYP2D6:*31/*31", "CYP2D6:*31/*36", "CYP2D6:*31/*36xN", "CYP2D6:*31/*38", "CYP2D6:*31/*3xN", "CYP2D6:*31/*4", "CYP2D6:*31/*40", "CYP2D6:*31/*42", "CYP2D6:*31/*44", "CYP2D6:*31/*47", "CYP2D6:*31/*4xN", "CYP2D6:*31/*5", "CYP2D6:*31/*51", "CYP2D6:*31/*56A", "CYP2D6:*31/*56B", "CYP2D6:*31/*57", "CYP2D6:*31/*6", "CYP2D6:*31/*62", "CYP2D6:*31/*68", "CYP2D6:*31/*69", "CYP2D6:*31/*6xN", "CYP2D6:*31/*7", "CYP2D6:*31/*8", "CYP2D6:*31/*92", "CYP2D6:*36/*36", "CYP2D6:*36/*36xN", "CYP2D6:*36/*38", "CYP2D6:*36/*3xN", "CYP2D6:*36/*4", "CYP2D6:*36/*40", "CYP2D6:*36/*42", "CYP2D6:*36/*44", "CYP2D6:*36/*47", "CYP2D6:*36/*4xN", "CYP2D6:*36/*5", "CYP2D6:*36/*51", "CYP2D6:*36/*56A", "CYP2D6:*36/*56B", "CYP2D6:*36/*57", "CYP2D6:*36/*6", "CYP2D6:*36/*62", "CYP2D6:*36/*68", "CYP2D6:*36/*69", "CYP2D6:*36/*6xN", "CYP2D6:*36/*7", "CYP2D6:*36/*8", "CYP2D6:*36/*92", "CYP2D6:*36xN/*36xN", "CYP2D6:*36xN/*38", "CYP2D6:*36xN/*3xN", "CYP2D6:*36xN/*4", "CYP2D6:*36xN/*40", "CYP2D6:*36xN/*42", "CYP2D6:*36xN/*44", "CYP2D6:*36xN/*47", "CYP2D6:*36xN/*4xN", "CYP2D6:*36xN/*5", "CYP2D6:*36xN/*51", "CYP2D6:*36xN/*56A", "CYP2D6:*36xN/*56B", "CYP2D6:*36xN/*57", "CYP2D6:*36xN/*6", "CYP2D6:*36xN/*62", "CYP2D6:*36xN/*68", "CYP2D6:*36xN/*69", "CYP2D6:*36xN/*6xN", "CYP2D6:*36xN/*7", "CYP2D6:*36xN/*8", "CYP2D6:*36xN/*92", "CYP2D6:*38/*38", "CYP2D6:*38/*3xN", "CYP2D6:*38/*4", "CYP2D6:*38/*40", "CYP2D6:*38/*42", "CYP2D6:*38/*44", "CYP2D6:*38/*47", "CYP2D6:*38/*4xN", "CYP2D6:*38/*5", "CYP2D6:*38/*51", "CYP2D6:*38/*56A", "CYP2D6:*38/*56B", "CYP2D6:*38/*57", "CYP2D6:*38/*6", "CYP2D6:*38/*62", "CYP2D6:*38/*68", "CYP2D6:*38/*69", "CYP2D6:*38/*6xN", "CYP2D6:*38/*7", "CYP2D6:*38/*8", "CYP2D6:*38/*92", "CYP2D6:*3xN/*3xN", "CYP2D6:*3xN/*4", "CYP2D6:*3xN/*40", "CYP2D6:*3xN/*42", "CYP2D6:*3xN/*44", "CYP2D6:*3xN/*47", "CYP2D6:*3xN/*4xN", "CYP2D6:*3xN/*5", "CYP2D6:*3xN/*51", "CYP2D6:*3xN/*56A", "CYP2D6:*3xN/*56B", "CYP2D6:*3xN/*57", "CYP2D6:*3xN/*6", "CYP2D6:*3xN/*62", "CYP2D6:*3xN/*68", "CYP2D6:*3xN/*69", "CYP2D6:*3xN/*6xN", "CYP2D6:*3xN/*7", "CYP2D6:*3xN/*8", "CYP2D6:*3xN/*92", "CYP2D6:*4/*4", "CYP2D6:*4/*40", "CYP2D6:*4/*42", "CYP2D6:*4/*44", "CYP2D6:*4/*47", "CYP2D6:*4/*4xN", "CYP2D6:*4/*5", "CYP2D6:*4/*51", "CYP2D6:*4/*56A", "CYP2D6:*4/*56B", "CYP2D6:*4/*57", "CYP2D6:*4/*6", "CYP2D6:*4/*62", "CYP2D6:*4/*68", "CYP2D6:*4/*69", "CYP2D6:*4/*6xN", "CYP2D6:*4/*7", "CYP2D6:*4/*8", "CYP2D6:*4/*92", "CYP2D6:*40/*40", "CYP2D6:*40/*42", "CYP2D6:*40/*44", "CYP2D6:*40/*47", "CYP2D6:*40/*4xN", "CYP2D6:*40/*5", "CYP2D6:*40/*51", "CYP2D6:*40/*56A", "CYP2D6:*40/*56B", "CYP2D6:*40/*57", "CYP2D6:*40/*6", "CYP2D6:*40/*62", "CYP2D6:*40/*68", "CYP2D6:*40/*69", "CYP2D6:*40/*6xN", "CYP2D6:*40/*7", "CYP2D6:*40/*8", "CYP2D6:*40/*92", "CYP2D6:*42/*42", "CYP2D6:*42/*44", "CYP2D6:*42/*47", "CYP2D6:*42/*4xN", "CYP2D6:*42/*5", "CYP2D6:*42/*51", "CYP2D6:*42/*56A", "CYP2D6:*42/*56B", "CYP2D6:*42/*57", "CYP2D6:*42/*6", "CYP2D6:*42/*62", "CYP2D6:*42/*68", "CYP2D6:*42/*69", "CYP2D6:*42/*6xN", "CYP2D6:*42/*7", "CYP2D6:*42/*8", "CYP2D6:*42/*92", "CYP2D6:*44/*44", "CYP2D6:*44/*47", "CYP2D6:*44/*4xN", "CYP2D6:*44/*5", "CYP2D6:*44/*51", "CYP2D6:*44/*56A", "CYP2D6:*44/*56B", "CYP2D6:*44/*57", "CYP2D6:*44/*6", "CYP2D6:*44/*62", "CYP2D6:*44/*68", "CYP2D6:*44/*69", "CYP2D6:*44/*6xN", "CYP2D6:*44/*7", "CYP2D6:*44/*8", "CYP2D6:*44/*92", "CYP2D6:*47/*47", "CYP2D6:*47/*4xN", "CYP2D6:*47/*5", "CYP2D6:*47/*51", "CYP2D6:*47/*56A", "CYP2D6:*47/*56B", "CYP2D6:*47/*57", "CYP2D6:*47/*6", "CYP2D6:*47/*62", "CYP2D6:*47/*68", "CYP2D6:*47/*69", "CYP2D6:*47/*6xN", "CYP2D6:*47/*7", "CYP2D6:*47/*8", "CYP2D6:*47/*92", "CYP2D6:*4xN/*4xN", "CYP2D6:*4xN/*5", "CYP2D6:*4xN/*51", "CYP2D6:*4xN/*56A", "CYP2D6:*4xN/*56B", "CYP2D6:*4xN/*57", "CYP2D6:*4xN/*6", "CYP2D6:*4xN/*62", "CYP2D6:*4xN/*68", "CYP2D6:*4xN/*69", "CYP2D6:*4xN/*6xN", "CYP2D6:*4xN/*7", "CYP2D6:*4xN/*8", "CYP2D6:*4xN/*92", "CYP2D6:*5/*5", "CYP2D6:*5/*51", "CYP2D6:*5/*56A", "CYP2D6:*5/*56B", "CYP2D6:*5/*57", "CYP2D6:*5/*6", "CYP2D6:*5/*62", "CYP2D6:*5/*68", "CYP2D6:*5/*69", "CYP2D6:*5/*6xN", "CYP2D6:*5/*7", "CYP2D6:*5/*8", "CYP2D6:*5/*92", "CYP2D6:*51/*51", "CYP2D6:*51/*56A", "CYP2D6:*51/*56B", "CYP2D6:*51/*57", "CYP2D6:*51/*6", "CYP2D6:*51/*62", "CYP2D6:*51/*68", "CYP2D6:*51/*69", "CYP2D6:*51/*6xN", "CYP2D6:*51/*7", "CYP2D6:*51/*8", "CYP2D6:*51/*92", "CYP2D6:*56A/*56A", "CYP2D6:*56A/*56B", "CYP2D6:*56A/*57", "CYP2D6:*56A/*6", "CYP2D6:*56A/*62", "CYP2D6:*56A/*68", "CYP2D6:*56A/*69", "CYP2D6:*56A/*6xN", "CYP2D6:*56A/*7", "CYP2D6:*56A/*8", "CYP2D6:*56A/*92", "CYP2D6:*56B/*56B", "CYP2D6:*56B/*57", "CYP2D6:*56B/*6", "CYP2D6:*56B/*62", "CYP2D6:*56B/*68", "CYP2D6:*56B/*69", "CYP2D6:*56B/*6xN", "CYP2D6:*56B/*7", "CYP2D6:*56B/*8", "CYP2D6:*56B/*92", "CYP2D6:*57/*57", "CYP2D6:*57/*6", "CYP2D6:*57/*62", "CYP2D6:*57/*68", "CYP2D6:*57/*69", "CYP2D6:*57/*6xN", "CYP2D6:*57/*7", "CYP2D6:*57/*8", "CYP2D6:*57/*92", "CYP2D6:*6/*6", "CYP2D6:*6/*62", "CYP2D6:*6/*68", "CYP2D6:*6/*69", "CYP2D6:*6/*6xN", "CYP2D6:*6/*7", "CYP2D6:*6/*8", "CYP2D6:*6/*92", "CYP2D6:*62/*62", "CYP2D6:*62/*68", "CYP2D6:*62/*69", "CYP2D6:*62/*6xN", "CYP2D6:*62/*7", "CYP2D6:*62/*8", "CYP2D6:*62/*92", "CYP2D6:*68/*68", "CYP2D6:*68/*69", "CYP2D6:*68/*6xN", "CYP2D6:*68/*7", "CYP2D6:*68/*8", "CYP2D6:*68/*92", "CYP2D6:*69/*69", "CYP2D6:*69/*6xN", "CYP2D6:*69/*7", "CYP2D6:*69/*8", "CYP2D6:*69/*92", "CYP2D6:*6xN/*6xN", "CYP2D6:*6xN/*7", "CYP2D6:*6xN/*8", "CYP2D6:*6xN/*92", "CYP2D6:*7/*7", "CYP2D6:*7/*8", "CYP2D6:*7/*92", "CYP2D6:*8/*8", "CYP2D6:*8/*92", "CYP2D6:*92/*92" ],
    "strength" : {
      "@id" : "https://www.pharmgkb.org/data/ontologyTerm/guidelineStrength/guidelineStrength:981501930",
      "@context" : "https://www.pharmgkb.org/jsonld/ontologyTerm.jsonld",
      "id" : 981501930,
      "src" : "guidelineStrength",
      "term" : "Strong",
      "termId" : "guidelineStrength:981501930"
    }
  }, {
    "objCls" : "DosingGuidelineAnnotationGroup",
    "@id" : "https://www.pharmgkb.org/data/dosingGuidelineAnnotationGroup/PA166128781",
    "@context" : "https://www.pharmgkb.org/jsonld/dosingGuidelineAnnotationGroup.jsonld",
    "id" : "PA166128781",
    "name" : "Ultra or extensive",
    "annotations" : [ {
      "id" : 1445566945,
      "text" : "2 - For the combination of a no function allele with a duplicated normal function allele.\r\n>2 - For the combination of a no function allele and more than two copies of a normal function allele.",
      "textHtml" : "<p>2 - For the combination of a no function allele with a duplicated normal function allele.<br/>&gt;2 - For the combination of a no function allele and more than two copies of a normal function allele.</p>",
      "type" : {
        "@id" : "https://www.pharmgkb.org/data/ontologyTerm/guidelineTags/guidelineTags:981501924",
        "@context" : "https://www.pharmgkb.org/jsonld/ontologyTerm.jsonld",
        "id" : 981501924,
        "src" : "guidelineTags",
        "term" : "Activity Score",
        "termId" : "guidelineTags:981501924"
      }
    }, {
      "id" : 1445566947,
      "text" : "*For the combination of a no function allele with a duplicated normal function allele:*\r\nNormal metabolism of tricyclics.\r\n\r\n*For the combination of a no function allele and more than two copies of a normal function allele:*\r\nIncreased metabolism of tricyclics to less active compounds when compared to extensive metabolizers. Lower plasma concentrations will increase probability of pharmacotherapy failure.",
      "textHtml" : "<p><strong>For the combination of a no function allele with a duplicated normal function allele:</strong><br/>Normal metabolism of tricyclics.</p><p><strong>For the combination of a no function allele and more than two copies of a normal function allele:</strong><br/>Increased metabolism of tricyclics to less active compounds when compared to extensive metabolizers. Lower plasma concentrations will increase probability of pharmacotherapy failure.</p>",
      "type" : {
        "@id" : "https://www.pharmgkb.org/data/ontologyTerm/guidelineTags/guidelineTags:981501925",
        "@context" : "https://www.pharmgkb.org/jsonld/ontologyTerm.jsonld",
        "id" : 981501925,
        "src" : "guidelineTags",
        "term" : "Implications",
        "termId" : "guidelineTags:981501925"
      }
    }, {
      "id" : 1445566948,
      "text" : "*For the combination of a no function allele with a duplicated normal function allele:*\r\nExtensive metabolizer\r\n\r\n*For the combination of a no function allele and more than two copies of a normal function allele:*\r\nUltrarapid metabolizer",
      "textHtml" : "<p><strong>For the combination of a no function allele with a duplicated normal function allele:</strong><br/>Extensive metabolizer</p><p><strong>For the combination of a no function allele and more than two copies of a normal function allele:</strong><br/>Ultrarapid metabolizer</p>",
      "type" : {
        "@id" : "https://www.pharmgkb.org/data/ontologyTerm/guidelineTags/guidelineTags:981501926",
        "@context" : "https://www.pharmgkb.org/jsonld/ontologyTerm.jsonld",
        "id" : 981501926,
        "src" : "guidelineTags",
        "term" : "Metabolizer Status",
        "termId" : "guidelineTags:981501926"
      }
    }, {
      "id" : 1445566946,
      "text" : "An individual carrying a no function allele and a duplicated normal function allele or a no function allele and more than two copies of a normal function allele.",
      "textHtml" : "<p>An individual carrying a no function allele and a duplicated normal function allele or a no function allele and more than two copies of a normal function allele.</p>",
      "type" : {
        "@id" : "https://www.pharmgkb.org/data/ontologyTerm/guidelineTags/guidelineTags:981501927",
        "@context" : "https://www.pharmgkb.org/jsonld/ontologyTerm.jsonld",
        "id" : 981501927,
        "src" : "guidelineTags",
        "term" : "Phenotype (Genotype)",
        "termId" : "guidelineTags:981501927"
      }
    }, {
      "id" : 1445566949,
      "text" : "*For the combination of a no function allele with a duplicated normal function allele:*\r\nInitiate therapy with recommended starting dose.\r\n\r\n_Patients may receive an initial low dose of tricyclics, which is then increased over several days to the recommended steady-state dose. The starting dose in this guideline refers to the recommended steady-state dose. Dosing recommendations only apply to higher initial doses of nortriptyline for treatment of conditions such as depression._\r\n\r\n*For the combination of a no function allele and more than two copies of a normal function allele:*\r\nAvoid tricyclic use due to potential lack of efficacy. Consider alternative drug not metabolized by CYP2D6.\r\n\r\n_If a tricyclic is warranted, consider increasing the starting dose. Patients may receive an initial low dose of tricyclics, which is then increased over several days to the recommended steady-state dose. The starting dose in this guideline refers to the recommended steady-state dose. Dosing recommendations only apply to higher initial doses of nortriptyline for treatment of conditions such as depression. Utilize therapeutic drug monitoring to guide dose adjustments._",
      "textHtml" : "<p><strong>For the combination of a no function allele with a duplicated normal function allele:</strong><br/>Initiate therapy with recommended starting dose.</p><p><em>Patients may receive an initial low dose of tricyclics, which is then increased over several days to the recommended steady-state dose. The starting dose in this guideline refers to the recommended steady-state dose. Dosing recommendations only apply to higher initial doses of nortriptyline for treatment of conditions such as depression.</em></p><p><strong>For the combination of a no function allele and more than two copies of a normal function allele:</strong><br/>Avoid tricyclic use due to potential lack of efficacy. Consider alternative drug not metabolized by CYP2D6.</p><p><em>If a tricyclic is warranted, consider increasing the starting dose. Patients may receive an initial low dose of tricyclics, which is then increased over several days to the recommended steady-state dose. The starting dose in this guideline refers to the recommended steady-state dose. Dosing recommendations only apply to higher initial doses of nortriptyline for treatment of conditions such as depression. Utilize therapeutic drug monitoring to guide dose adjustments.</em></p>",
      "type" : {
        "@id" : "https://www.pharmgkb.org/data/ontologyTerm/guidelineTags/guidelineTags:981501928",
        "@context" : "https://www.pharmgkb.org/jsonld/ontologyTerm.jsonld",
        "id" : 981501928,
        "src" : "guidelineTags",
        "term" : "Recommendations",
        "termId" : "guidelineTags:981501928"
      }
    } ],
    "genotypes" : [ "CYP2D6:*100/*1xN", "CYP2D6:*100/*2xN", "CYP2D6:*100/*35xN", "CYP2D6:*100/*45xN", "CYP2D6:*101/*1xN", "CYP2D6:*101/*2xN", "CYP2D6:*101/*35xN", "CYP2D6:*101/*45xN", "CYP2D6:*11/*1xN", "CYP2D6:*11/*2xN", "CYP2D6:*11/*35xN", "CYP2D6:*11/*45xN", "CYP2D6:*12/*1xN", "CYP2D6:*12/*2xN", "CYP2D6:*12/*35xN", "CYP2D6:*12/*45xN", "CYP2D6:*13/*1xN", "CYP2D6:*13/*2xN", "CYP2D6:*13/*35xN", "CYP2D6:*13/*45xN", "CYP2D6:*14A/*1xN", "CYP2D6:*14A/*2xN", "CYP2D6:*14A/*35xN", "CYP2D6:*14A/*45xN", "CYP2D6:*15/*1xN", "CYP2D6:*15/*2xN", "CYP2D6:*15/*35xN", "CYP2D6:*15/*45xN", "CYP2D6:*18/*1xN", "CYP2D6:*18/*2xN", "CYP2D6:*18/*35xN", "CYP2D6:*18/*45xN", "CYP2D6:*19/*1xN", "CYP2D6:*19/*2xN", "CYP2D6:*19/*35xN", "CYP2D6:*19/*45xN", "CYP2D6:*1xN/*20", "CYP2D6:*1xN/*21", "CYP2D6:*1xN/*3", "CYP2D6:*1xN/*31", "CYP2D6:*1xN/*36", "CYP2D6:*1xN/*36xN", "CYP2D6:*1xN/*38", "CYP2D6:*1xN/*3xN", "CYP2D6:*1xN/*4", "CYP2D6:*1xN/*40", "CYP2D6:*1xN/*42", "CYP2D6:*1xN/*44", "CYP2D6:*1xN/*47", "CYP2D6:*1xN/*4xN", "CYP2D6:*1xN/*5", "CYP2D6:*1xN/*51", "CYP2D6:*1xN/*56A", "CYP2D6:*1xN/*56B", "CYP2D6:*1xN/*57", "CYP2D6:*1xN/*6", "CYP2D6:*1xN/*62", "CYP2D6:*1xN/*68", "CYP2D6:*1xN/*69", "CYP2D6:*1xN/*6xN", "CYP2D6:*1xN/*7", "CYP2D6:*1xN/*8", "CYP2D6:*1xN/*92", "CYP2D6:*20/*2xN", "CYP2D6:*20/*35xN", "CYP2D6:*20/*45xN", "CYP2D6:*21/*2xN", "CYP2D6:*21/*35xN", "CYP2D6:*21/*45xN", "CYP2D6:*2xN/*3", "CYP2D6:*2xN/*31", "CYP2D6:*2xN/*36", "CYP2D6:*2xN/*36xN", "CYP2D6:*2xN/*38", "CYP2D6:*2xN/*3xN", "CYP2D6:*2xN/*4", "CYP2D6:*2xN/*40", "CYP2D6:*2xN/*42", "CYP2D6:*2xN/*44", "CYP2D6:*2xN/*47", "CYP2D6:*2xN/*4xN", "CYP2D6:*2xN/*5", "CYP2D6:*2xN/*51", "CYP2D6:*2xN/*56A", "CYP2D6:*2xN/*56B", "CYP2D6:*2xN/*57", "CYP2D6:*2xN/*6", "CYP2D6:*2xN/*62", "CYP2D6:*2xN/*68", "CYP2D6:*2xN/*69", "CYP2D6:*2xN/*6xN", "CYP2D6:*2xN/*7", "CYP2D6:*2xN/*8", "CYP2D6:*2xN/*92", "CYP2D6:*3/*35xN", "CYP2D6:*3/*45xN", "CYP2D6:*31/*35xN", "CYP2D6:*31/*45xN", "CYP2D6:*35xN/*36", "CYP2D6:*35xN/*36xN", "CYP2D6:*35xN/*38", "CYP2D6:*35xN/*3xN", "CYP2D6:*35xN/*4", "CYP2D6:*35xN/*40", "CYP2D6:*35xN/*42", "CYP2D6:*35xN/*44", "CYP2D6:*35xN/*47", "CYP2D6:*35xN/*4xN", "CYP2D6:*35xN/*5", "CYP2D6:*35xN/*51", "CYP2D6:*35xN/*56A", "CYP2D6:*35xN/*56B", "CYP2D6:*35xN/*57", "CYP2D6:*35xN/*6", "CYP2D6:*35xN/*62", "CYP2D6:*35xN/*68", "CYP2D6:*35xN/*69", "CYP2D6:*35xN/*6xN", "CYP2D6:*35xN/*7", "CYP2D6:*35xN/*8", "CYP2D6:*35xN/*92", "CYP2D6:*36/*45xN", "CYP2D6:*36xN/*45xN", "CYP2D6:*38/*45xN", "CYP2D6:*3xN/*45xN", "CYP2D6:*4/*45xN", "CYP2D6:*40/*45xN", "CYP2D6:*42/*45xN", "CYP2D6:*44/*45xN", "CYP2D6:*45xN/*47", "CYP2D6:*45xN/*4xN", "CYP2D6:*45xN/*5", "CYP2D6:*45xN/*51", "CYP2D6:*45xN/*56A", "CYP2D6:*45xN/*56B", "CYP2D6:*45xN/*57", "CYP2D6:*45xN/*6", "CYP2D6:*45xN/*62", "CYP2D6:*45xN/*68", "CYP2D6:*45xN/*69", "CYP2D6:*45xN/*6xN", "CYP2D6:*45xN/*7", "CYP2D6:*45xN/*8", "CYP2D6:*45xN/*92" ],
    "strength" : {
      "@id" : "https://www.pharmgkb.org/data/ontologyTerm/guidelineStrength/guidelineStrength:981501930",
      "@context" : "https://www.pharmgkb.org/jsonld/ontologyTerm.jsonld",
      "id" : 981501930,
      "src" : "guidelineStrength",
      "term" : "Strong",
      "termId" : "guidelineStrength:981501930"
    }
  }, {
    "objCls" : "DosingGuidelineAnnotationGroup",
    "@id" : "https://www.pharmgkb.org/data/dosingGuidelineAnnotationGroup/PA166128778",
    "@context" : "https://www.pharmgkb.org/jsonld/dosingGuidelineAnnotationGroup.jsonld",
    "id" : "PA166128778",
    "name" : "Ultrarapid",
    "annotations" : [ {
      "id" : 1445566929,
      "text" : ">2.0",
      "textHtml" : "<p>&gt;2.0</p>",
      "type" : {
        "@id" : "https://www.pharmgkb.org/data/ontologyTerm/guidelineTags/guidelineTags:981501924",
        "@context" : "https://www.pharmgkb.org/jsonld/ontologyTerm.jsonld",
        "id" : 981501924,
        "src" : "guidelineTags",
        "term" : "Activity Score",
        "termId" : "guidelineTags:981501924"
      }
    }, {
      "id" : 1445566932,
      "text" : "Increased metabolism of tricyclics to less active compounds when compared to extensive metabolizers. Lower plasma concentrations will increase probability of pharmacotherapy failure.",
      "textHtml" : "<p>Increased metabolism of tricyclics to less active compounds when compared to extensive metabolizers. Lower plasma concentrations will increase probability of pharmacotherapy failure.</p>",
      "type" : {
        "@id" : "https://www.pharmgkb.org/data/ontologyTerm/guidelineTags/guidelineTags:981501925",
        "@context" : "https://www.pharmgkb.org/jsonld/ontologyTerm.jsonld",
        "id" : 981501925,
        "src" : "guidelineTags",
        "term" : "Implications",
        "termId" : "guidelineTags:981501925"
      }
    }, {
      "id" : 1445566933,
      "text" : "Ultrarapid metabolizer",
      "textHtml" : "<p>Ultrarapid metabolizer </p>",
      "type" : {
        "@id" : "https://www.pharmgkb.org/data/ontologyTerm/guidelineTags/guidelineTags:981501926",
        "@context" : "https://www.pharmgkb.org/jsonld/ontologyTerm.jsonld",
        "id" : 981501926,
        "src" : "guidelineTags",
        "term" : "Metabolizer Status",
        "termId" : "guidelineTags:981501926"
      }
    }, {
      "id" : 1445566930,
      "text" : "An individual carrying more than two copies of functional alleles",
      "textHtml" : "<p>An individual carrying more than two copies of functional alleles</p>",
      "type" : {
        "@id" : "https://www.pharmgkb.org/data/ontologyTerm/guidelineTags/guidelineTags:981501927",
        "@context" : "https://www.pharmgkb.org/jsonld/ontologyTerm.jsonld",
        "id" : 981501927,
        "src" : "guidelineTags",
        "term" : "Phenotype (Genotype)",
        "termId" : "guidelineTags:981501927"
      }
    }, {
      "id" : 1445566934,
      "text" : "Avoid tricyclic use due to potential lack of efficacy. Consider alternative drug not metabolized by CYP2D6. \r\n\r\n_If a tricyclic is warranted, consider increasing the starting dose. Patients may receive an initial low dose of tricyclics, which is then increased over several days to the recommended steady-state dose. The starting dose in this guideline refers to the recommended steady-state dose. Dosing recommendations only apply to higher initial doses of nortriptyline for treatment of conditions such as depression. Utilize therapeutic drug monitoring to guide dose adjustments._",
      "textHtml" : "<p>Avoid tricyclic use due to potential lack of efficacy. Consider alternative drug not metabolized by CYP2D6. </p><p><em>If a tricyclic is warranted, consider increasing the starting dose. Patients may receive an initial low dose of tricyclics, which is then increased over several days to the recommended steady-state dose. The starting dose in this guideline refers to the recommended steady-state dose. Dosing recommendations only apply to higher initial doses of nortriptyline for treatment of conditions such as depression. Utilize therapeutic drug monitoring to guide dose adjustments.</em></p>",
      "type" : {
        "@id" : "https://www.pharmgkb.org/data/ontologyTerm/guidelineTags/guidelineTags:981501928",
        "@context" : "https://www.pharmgkb.org/jsonld/ontologyTerm.jsonld",
        "id" : 981501928,
        "src" : "guidelineTags",
        "term" : "Recommendations",
        "termId" : "guidelineTags:981501928"
      }
    } ],
    "genotypes" : [ "CYP2D6:*1/*1xN", "CYP2D6:*1/*2xN", "CYP2D6:*1/*35xN", "CYP2D6:*1/*45xN", "CYP2D6:*10/*1xN", "CYP2D6:*10/*2xN", "CYP2D6:*10/*35xN", "CYP2D6:*10/*45xN", "CYP2D6:*10x2/*1xN", "CYP2D6:*10x2/*2xN", "CYP2D6:*10x2/*35xN", "CYP2D6:*10x2/*45xN", "CYP2D6:*14B/*1xN", "CYP2D6:*14B/*2xN", "CYP2D6:*14B/*35xN", "CYP2D6:*14B/*45xN", "CYP2D6:*17/*1xN", "CYP2D6:*17/*2xN", "CYP2D6:*17/*35xN", "CYP2D6:*17/*45xN", "CYP2D6:*17x2/*1xN", "CYP2D6:*17x2/*2xN", "CYP2D6:*17x2/*35xN", "CYP2D6:*17x2/*45xN", "CYP2D6:*1xN/*1xN", "CYP2D6:*1xN/*2", "CYP2D6:*1xN/*27", "CYP2D6:*1xN/*29", "CYP2D6:*1xN/*29x2", "CYP2D6:*1xN/*2xN", "CYP2D6:*1xN/*33", "CYP2D6:*1xN/*34", "CYP2D6:*1xN/*35", "CYP2D6:*1xN/*35xN", "CYP2D6:*1xN/*39", "CYP2D6:*1xN/*41", "CYP2D6:*1xN/*41x2", "CYP2D6:*1xN/*45", "CYP2D6:*1xN/*45xN", "CYP2D6:*1xN/*46", "CYP2D6:*1xN/*48", "CYP2D6:*1xN/*49", "CYP2D6:*1xN/*50", "CYP2D6:*1xN/*53", "CYP2D6:*1xN/*54", "CYP2D6:*1xN/*55", "CYP2D6:*1xN/*59", "CYP2D6:*1xN/*72", "CYP2D6:*1xN/*9", "CYP2D6:*1xN/*9x2", "CYP2D6:*2/*2xN", "CYP2D6:*2/*35xN", "CYP2D6:*2/*45xN", "CYP2D6:*27/*2xN", "CYP2D6:*27/*35xN", "CYP2D6:*27/*45xN", "CYP2D6:*29/*2xN", "CYP2D6:*29/*35xN", "CYP2D6:*29/*45xN", "CYP2D6:*29x2/*2xN", "CYP2D6:*29x2/*35xN", "CYP2D6:*29x2/*45xN", "CYP2D6:*2xN/*2xN", "CYP2D6:*2xN/*33", "CYP2D6:*2xN/*34", "CYP2D6:*2xN/*35", "CYP2D6:*2xN/*35xN", "CYP2D6:*2xN/*39", "CYP2D6:*2xN/*41", "CYP2D6:*2xN/*41x2", "CYP2D6:*2xN/*45", "CYP2D6:*2xN/*45xN", "CYP2D6:*2xN/*46", "CYP2D6:*2xN/*48", "CYP2D6:*2xN/*49", "CYP2D6:*2xN/*50", "CYP2D6:*2xN/*53", "CYP2D6:*2xN/*54", "CYP2D6:*2xN/*55", "CYP2D6:*2xN/*59", "CYP2D6:*2xN/*72", "CYP2D6:*2xN/*9", "CYP2D6:*2xN/*9x2", "CYP2D6:*33/*35xN", "CYP2D6:*33/*45xN", "CYP2D6:*34/*35xN", "CYP2D6:*34/*45xN", "CYP2D6:*35/*35xN", "CYP2D6:*35/*45xN", "CYP2D6:*35xN/*35xN", "CYP2D6:*35xN/*39", "CYP2D6:*35xN/*41", "CYP2D6:*35xN/*41x2", "CYP2D6:*35xN/*45", "CYP2D6:*35xN/*45xN", "CYP2D6:*35xN/*46", "CYP2D6:*35xN/*48", "CYP2D6:*35xN/*49", "CYP2D6:*35xN/*50", "CYP2D6:*35xN/*53", "CYP2D6:*35xN/*54", "CYP2D6:*35xN/*55", "CYP2D6:*35xN/*59", "CYP2D6:*35xN/*72", "CYP2D6:*35xN/*9", "CYP2D6:*35xN/*9x2", "CYP2D6:*39/*45xN", "CYP2D6:*41/*45xN", "CYP2D6:*41x2/*45xN", "CYP2D6:*45/*45xN", "CYP2D6:*45xN/*45xN", "CYP2D6:*45xN/*46", "CYP2D6:*45xN/*48", "CYP2D6:*45xN/*49", "CYP2D6:*45xN/*50", "CYP2D6:*45xN/*53", "CYP2D6:*45xN/*54", "CYP2D6:*45xN/*55", "CYP2D6:*45xN/*59", "CYP2D6:*45xN/*72", "CYP2D6:*45xN/*9", "CYP2D6:*45xN/*9x2" ],
    "strength" : {
      "@id" : "https://www.pharmgkb.org/data/ontologyTerm/guidelineStrength/guidelineStrength:981501930",
      "@context" : "https://www.pharmgkb.org/jsonld/ontologyTerm.jsonld",
      "id" : 981501930,
      "src" : "guidelineStrength",
      "term" : "Strong",
      "termId" : "guidelineStrength:981501930"
    }
  } ],
  "relatedChemicals" : [ {
    "objCls" : "Chemical",
    "@id" : "https://www.pharmgkb.org/data/chemical/PA450657",
    "@context" : "https://www.pharmgkb.org/jsonld/chemical.jsonld",
    "id" : "PA450657",
    "name" : "nortriptyline"
  } ],
  "relatedGenes" : [ {
    "objCls" : "Gene",
    "@id" : "https://www.pharmgkb.org/data/gene/PA128",
    "@context" : "https://www.pharmgkb.org/jsonld/gene.jsonld",
    "id" : "PA128",
    "symbol" : "CYP2D6",
    "name" : "cytochrome P450, family 2, subfamily D, polypeptide 6"
  } ],
  "source" : "CPIC",
  "summaryHtml" : "<p>The CPIC Dosing Guideline for nortriptyline recommends a 25% dose reduction for CYP2D6 intermediate metabolizers. For CYP2D6 ultrarapid or poor metabolizers, an alternative drug may be considered.</p>",
  "textHtml" : "<h3 id=\"May2013\">May 2013</h3><p><em>Advance online publication January 2013.</em></p><ul><li>Guidelines regarding the use of pharmacogenomic tests in dosing of amitriptyline and nortriptyline have been published in Clinical Pharmacology and Therapeutics by the Clinical Pharmacogenetics Implementation Consortium (<a href=\"/contributors/consortia/cpic_profile.jsp\">CPIC</a>).  </li><li>Excerpt from the 2013 dosing guidelines:<ul><li>\"There is substantial evidence linking CYP2D6 and CYP2C19 genotypes to phenotypic variability in tricyclic side-effect and pharmacokinetic profiles. Modifying pharmacotherapy for patients who have CYP2D6 or CYP2C19 genomic variants that affect drug efficacy and safety could potentially improve clinical outcomes and reduce the failure rate of initial treatment.\"</li><li>\"At the time of the development of this recommendation, there is a lack of strong evidence available on the possible role of CYP2D6 in nortiptyline response in pediatric patient populations; however, there is no reason to suspect that CYP2D6 variant alleles would affect nortriptyline metabolism differently in children compared to adults.\" </li></ul></li><li>The guideline includes dosing recommendation for nortriptyline based on:<ul><li>CYP2D6 phenotype (<a href=\"#Table1DosingrecommendationsfornortriptylinebasedonCYP2D6phenotypeab\">Table 1 below</a>) </li></ul></li><li>Download and read:  <ul><li><a href=\"/redirect.jsp?p=https%3A%2F%2Fgithub.com%2FPharmGKB%2Fcpic-guidelines%2Fraw%2Fmaster%2FTCA%2F2013%2F23486447.pdf\" target=\"offsite\">Clinical Pharmacogenetics Implementation Consortium guideline for CYP2D6 and CYP2C19 genotypes and dosing of tricyclic antidepressants</a> </li><li><a href=\"/redirect.jsp?p=https%3A%2F%2Fgithub.com%2FPharmGKB%2Fcpic-guidelines%2Fraw%2Fmaster%2FTCA%2F2013%2F23486447-supplement.pdf\" target=\"offsite\">2013 supplement</a></li><li><a href=\"/redirect.jsp?p=https%3A%2F%2Fgithub.com%2FPharmGKB%2Fcpic-guidelines%2Fraw%2Fmaster%2FTCA%2F2013%2F23486447-CYP2D6%2520frequency%2520table%2520legend%2520%28R2%29.pdf\" target=\"offsite\">CYP2D6 frequency table legend (R2)</a></li><li><a href=\"/redirect.jsp?p=https%3A%2F%2Fgithub.com%2FPharmGKB%2Fcpic-guidelines%2Fraw%2Fmaster%2FTCA%2F2013%2F23486447-CYP2D6%2520frequency%2520table%2520%28R2%29.xlsx\" target=\"offsite\">CYP2D6 frequency table (R2)</a></li></ul></li></ul><h3 id=\"Table1DosingrecommendationsfornortriptylinebasedonCYP2D6phenotypeab\">Table 1: Dosing recommendations for nortriptyline based on CYP2D6 phenotype:<sup>a,b</sup></h3><p><em>Adapted from Tables 1 and 2 of the 2013 guideline manuscript.</em></p><p>The recommended starting dose of nortriptyline does not need adjustment based on genotype for CYP2D6 extensive metabolizers. A 25% reduction of the recommended dose may be considered for CYP2D6 intermediate metabolizers. Alternate agents are preferred for CYP2D6 ultrarapid metabolizers and CYP2D6 poor metabolizers. </p><table class=\"table table-striped table-condensed table-hover table-bordered\"><tr><th>Likely phenotype*</th><th>Activity score</th><th>Genotypes</th><th>Examples of diplotypes</th><th>Implications for TCA metabolism</th><th>Therapeutic Recommendations</th><th>Classification of recommendation for amitriptyline/nortriptyline therapy</th></tr><tr><td>Ultrarapid metabolizer (~1-2% of patients)</td><td>&gt;2.0</td><td>An individual carrying more than two copies of functional alleles</td><td>*1/*1xN, *1/*2xN</td><td>Increased metabolism of tricyclics to less active compounds when compared to extensive metabolizers. Lower plasma concentrations will increase probability of pharmacotherapy failure.</td><td>Avoid tricyclic use due to potential lack of efficacy. Consider alternative drug not metabolized by CYP2D6. <br/>If a tricyclic is warranted, consider increasing the starting dose.a Utilize therapeutic drug monitoring to guide dose adjustments.</td><td>Strong</td></tr><tr><td>Extensive metabolizer (~77-92% of patients)</td><td>1.0-2.0**</td><td>An individual carrying two alleles encoding full or reduced function or one full function allele together with either one nonfunctional or one reduced-function allele</td><td>*1/*1, *1/*2, *2/*2, *1/*41, *1/*4, *2/*5, *10/*10</td><td>Normal metabolism of tricyclics.</td><td>Initiate therapy with recommended starting dose.</td><td>Strong</td></tr><tr><td>Intermediate metabolizer (~2-11% of patients)</td><td>0.5</td><td>An individual carrying one reduced and one nonfunctional allele</td><td>*4/*10, *5/*41</td><td>Reduced metabolism of tricyclics to less active compounds when compared to extensive metabolizers. Higher plasma concentrations will increase the  probability of side effects.</td><td>Consider 25% reduction of recommended starting dose. Utilize therapeutic drug monitoring to guide dose adjustments.</td><td>Moderate</td></tr><tr><td>Poor metabolizer (~5-10% of patients)</td><td>0</td><td>An individual carrying no functional alleles</td><td>*4/*4, *4/*5, *5/*5, *4/*6</td><td>Greatly reduced metabolism of  tricyclics to less active compounds when compared to extensive metabolizers. Higher plasma concentrations will increase the probability of side effects.</td><td>Avoid tricyclic use due to potential for side effects. Consider alternative drug not metabolized by CYP2D6. <br/>If a tricyclic is warranted, consider 50% reduction of recommended starting dose.a Utilize therapeutic drug monitoring to guide dose adjustments.</td><td>Strong</td></tr></table><p>*CYP2D6 metabolizer status frequencies are based on data from Caucasians and may differ from other ethnicities. <br/>**Patients with an activity score of 1.0 may be classified as intermediate metabolizers by some reference laboratories. See Supplementary Table S4 for additional information about CYP2D6 activity score and its limitations.<br/><sup>a</sup> Patients may receive an initial low dose of tricyclics, which is then increased over several days to the recommended steady-state dose. The starting dose in this guideline refers to the recommended steady-state dose.  <sup>b</sup> Dosing recommendations only apply to higher initial doses of nortriptyline for treatment of conditions such as depression.</p>"
}