{
  "objCls" : "Guideline",
  "@id" : "https://www.pharmgkb.org/data/guideline/PA166104949",
  "@context" : "https://www.pharmgkb.org/jsonld/guideline.jsonld",
  "id" : "PA166104949",
  "name" : "CPIC Guideline for warfarin and CYP2C9,VKORC1",
  "relatedChemicals" : [ {
    "objCls" : "Chemical",
    "@id" : "https://www.pharmgkb.org/data/chemical/PA451906",
    "@context" : "https://www.pharmgkb.org/jsonld/chemical.jsonld",
    "id" : "PA451906",
    "name" : "warfarin"
  } ],
  "relatedGenes" : [ {
    "objCls" : "Gene",
    "@id" : "https://www.pharmgkb.org/data/gene/PA126",
    "@context" : "https://www.pharmgkb.org/jsonld/gene.jsonld",
    "id" : "PA126",
    "symbol" : "CYP2C9",
    "name" : "cytochrome P450, family 2, subfamily C, polypeptide 9"
  }, {
    "objCls" : "Gene",
    "@id" : "https://www.pharmgkb.org/data/gene/PA133787052",
    "@context" : "https://www.pharmgkb.org/jsonld/gene.jsonld",
    "id" : "PA133787052",
    "symbol" : "VKORC1",
    "name" : "vitamin K epoxide reductase complex, subunit 1"
  } ],
  "source" : "CPIC",
  "summaryHtml" : "<p>The best way to estimate the anticipated stable dose of warfarin is to use the algorithms available on <a href=\"/redirect.jsp?p=http%3A%2F%2Fwww.warfarindosing.org\" target=\"offsite\">http://www.warfarindosing.org</a> </p>",
  "textHtml" : "<h3 id=\"November2013Update\">November 2013 Update</h3><div style=\"color: red;\"><p>CPIC guideline authors are aware of several recently published studies on warfarin pharmacogenetics [Articles:<a href=\"/pmid/24251361\">24251361</a>, <a href=\"/pmid/24251363\">24251363</a>, <a href=\"/pmid/24251360\">24251360</a>]. These papers have prompted several opinion pieces [Articles:<a href=\"/pmid/24328463\">24328463</a>, <a href=\"/pmid/24251364\">24251364</a>]. The authors are evaluating the information, which will be incorporated into the next update of the CPIC guideline on warfarin.</p></div><h3 id=\"October2011\">October 2011</h3><p><em>Advance online publication September 2011.</em> </p><ul><li>Guideline regarding the use of pharmacogenomic tests in dosing for warfarin was published in Clinical Pharmacology and Therapeutics by the Clinical Pharmacogenetics Implementation Consortium (<a href=\"/contributors/consortia/cpic_profile.jsp\">CPIC</a>).  </li><li>These guidelines are applicable to:<ul><li>adult patients</li></ul></li><li>Excerpt from the 2011 warfarin dosing guideline:<ul><li>\"Pharmacogenetic algorithm-based warfarin dosing: Numerous studies have derived warfarin dosing algorithms that use both genetic and non-genetic factors to predict warfarin dose [Articles:<a href=\"/pmid/18305455\">18305455</a>, <a href=\"/pmid/19228618\">19228618</a>, <a href=\"/pmid/18574025\">18574025</a>]. Two algorithms perform well in estimating stable warfarin dose across different ethnic populations; [Articles:<a href=\"/pmid/18305455\">18305455</a>, <a href=\"/pmid/19228618\">19228618</a>] these were created using more than 5,000 subjects. Dosing algorithms using genetics outperform nongenetic clinical algorithms and fixed-dose approaches in dose prediction [Articles:<a href=\"/pmid/18305455\">18305455</a>, <a href=\"/pmid/19228618\">19228618</a>]. The best way to estimate the anticipated stable dose of warfarin is to use the algorithms available on <a href=\"/redirect.jsp?p=http%3A%2F%2Fwww.warfarindosing.org\" target=\"offsite\">http://www.warfarindosing.org</a> (offering both high-performing algorithms [Articles:<a href=\"/pmid/18305455\">18305455</a>, <a href=\"/pmid/19228618\">19228618</a>]). The dosing algorithm published by the International Warfarin Pharmacogenetics Consortium is also online, at [ <a href=\"/download.action?filename=IWPC_dose_calculator_6-19-09.xls\">IWPC Pharmacogenetic Dosing Algorithm</a> ]. The two algorithms provide very similar dose recommendations.\"</li><li>\"Approach to pharmacogenetic-based warfarin dosing without access to dosing algorithms:     In 2007, the FDA modified the warfarin label, stating that CYP2C9 and VKORC1 genotypes may be useful in determining the optimal initial dose of warfarin [Article:<a href=\"/pmid/17906972\">17906972</a>]. The label was further updated in 2010 to include a table (Table 1) describing recommendations for initial dosing ranges for patients with different combinations of CYP2C9 and VKORC1 genotypes. Genetics-based algorithms also better predict warfarin dose than the FDA-approved warfarin label table [Article:<a href=\"/pmid/21272753\">21272753</a>]. Therefore, the use of pharmacogenetic algorithm-based dosing is recommended when possible, although if electronic means for such dosing are not available, the table-based dosing approaches (Table 1) are suggested. The range of doses by VKORC1 genotype and the range of dose recommendations/predictions by the FDA table and algorithm are shown in Figure 2.\"</li></ul></li><li>Download and read: <ul><li><a href=\"/redirect.jsp?p=https%3A%2F%2Fgithub.com%2FPharmGKB%2Fcpic-guidelines%2Fraw%2Fmaster%2Fwarfarin%2F2011%2F21900891.pdf\" target=\"offsite\">Clinical Pharmacogenetics Implementation Consortium Guidelines for CYP2C9 and VKORC1 genotypes and warfarin dosing</a></li><li><a href=\"/redirect.jsp?p=https%3A%2F%2Fgithub.com%2FPharmGKB%2Fcpic-guidelines%2Fraw%2Fmaster%2Fwarfarin%2F2011%2F21900891-supplement.pdf\" target=\"offsite\">2011 supplement</a></li><li>Look up your warfarin dosing guideline* using the <a href=\"/redirect.jsp?p=https%3A%2F%2Fgithub.com%2FPharmGKB%2Fcpic-guidelines%2Fraw%2Fmaster%2Fwarfarin%2F2011%2FIWPC_dose_calculator.xls\" target=\"offsite\">IWPC Pharmacogenetic Dosing Algorithm</a>.</li></ul></li></ul><h3 id=\"Figure2.FrequencyhistogramsofstabletherapeuticwarfarindosesinmgweekstratifiedbyVKORC11639GAgenotype.\">Figure 2. Frequency histograms of stable therapeutic warfarin doses in mg/week, stratified by VKORC1 -1639G&gt;A genotype.</h3><p><em>Adapted from Figure 2 of the 2011 guideline manuscript</em><br/><img border=\"0\" src=\"/download.do?objCls=Attachment&amp;objId=Figure_2-CPIC_Warfarin_dosing_guidelines.png\"/></p><p><strong>Figure 2 Legend:</strong> Frequency histograms of stable therapeutic warfarin doses in mg/week, stratified by <em>VKORC1</em> -1639G&gt;A genotype in 3,616 patients recruited by the International Warfarin Pharmacogenetics Consortium (IWPC) who did not carry the <em>CYP2C9*2</em> or <em>*3</em> allele (i.e., coded as <em>*1*1</em> for US Food and Drug Administration (FDA) table and algorithm dosing). The range of doses within each genotype group recommended on the FDA table is shown via the shaded rectangle. The range of doses predicted using the IWPC dosing algorithm in these 3,616 patients is shown by the solid lines.<br/>Figure 2 demonstrates that the range of individuals covered by the FDA table is much narrower than that of the algorithm. The article and supplement detail important variables that are not covered by the table that should also be taken into consideration.<br/><br/></p><h3 id=\"Table1RecommendeddailywarfarindosesmgdaytoachieveatherapeuticINRbasedonCYP2C9andVKORC1genotypeusingthewarfarinproductinsertapprovedbytheUnitedStatesFoodandDrugAdministration\">Table 1: Recommended daily warfarin doses (mg/day) to achieve a therapeutic INR based on <em>CYP2C9</em> and <em>VKORC1</em> genotype using the warfarin product insert approved by the United States Food and Drug Administration:</h3><p><em>Adapted from Table 1 of the 2011 guideline manuscript</em></p><table class=\"table table-striped table-condensed table-hover table-bordered\"><tr><th><em>VKORC1</em> Genotype (-1639G&gt;A, <a href=\"/rsid/rs9923231\">rs9923231</a>)</th><th><em>CYP2C9*1/*1</em></th><th><em>CYP2C9*1/*2</em></th><th><em>CYP2C9*1/*3</em></th><th><em>CYP2C9*2/*2</em></th><th><em>CYP2C9*2/*3</em></th><th><em>CYP2C9*3/*3</em></th></tr><tr><td>GG</td><td>5-7</td><td>5-7</td><td>3-4</td><td>3-4</td><td>3-4</td><td>0.5-2</td></tr><tr><td>GA</td><td>5-7</td><td>3-4</td><td>3-4</td><td>3-4</td><td>0.5-2</td><td>0.5-2</td></tr><tr><td>AA</td><td>3-4</td><td>3-4</td><td>0.5-2</td><td>0.5-2</td><td>0.5-2</td><td>0.5-2</td></tr></table><p><em>Reproduced from updated warfarin (Coumadin) product label.</em></p><h3 id=\"SupplementalTableS1.GenotypesthatconstitutetheallelesforCYP2C9\">Supplemental Table S1. Genotypes that constitute the * alleles for <em>CYP2C9</em></h3><p><em>Adapted from Table S1 of the 2011 guideline supplement</em></p><table class=\"table table-striped table-condensed table-hover table-bordered\"><tr><th>Allele</th><th>Constituted by genotypes at:</th><th>Amino acid changes</th><th>Enzymatic Activity</th></tr><tr><td>*1</td><td>reference allele at all positions</td><td></td><td>Normal</td></tr><tr><td>*2</td><td>C&gt;T at <a href=\"/rsid/rs1799853\">rs1799853</a></td><td>R144C</td><td>Decreased</td></tr><tr><td>*3</td><td>A&gt;C at <a href=\"/rsid/rs1057910\">rs1057910</a></td><td>I359L</td><td>Decreased</td></tr></table>"
}