{
  "objCls" : "Guideline",
  "@id" : "https://www.pharmgkb.org/data/guideline/PA166127639",
  "@context" : "https://www.pharmgkb.org/jsonld/guideline.jsonld",
  "id" : "PA166127639",
  "name" : "CPIC Guideline for sertraline and CYP2C19",
  "groups" : [ {
    "objCls" : "DosingGuidelineAnnotationGroup",
    "@id" : "https://www.pharmgkb.org/data/dosingGuidelineAnnotationGroup/PA166128765",
    "@context" : "https://www.pharmgkb.org/jsonld/dosingGuidelineAnnotationGroup.jsonld",
    "id" : "PA166128765",
    "name" : "Extensive",
    "annotations" : [ {
      "id" : 1445562018,
      "text" : "Normal metabolism",
      "textHtml" : "<p>Normal metabolism</p>",
      "type" : {
        "@id" : "https://www.pharmgkb.org/data/ontologyTerm/guidelineTags/guidelineTags:981501925",
        "@context" : "https://www.pharmgkb.org/jsonld/ontologyTerm.jsonld",
        "id" : 981501925,
        "src" : "guidelineTags",
        "term" : "Implications",
        "termId" : "guidelineTags:981501925"
      }
    }, {
      "id" : 1445562019,
      "text" : "Extensive metabolizer (~35-50% of patients)",
      "textHtml" : "<p>Extensive metabolizer (~35-50% of patients)</p>",
      "type" : {
        "@id" : "https://www.pharmgkb.org/data/ontologyTerm/guidelineTags/guidelineTags:981501926",
        "@context" : "https://www.pharmgkb.org/jsonld/ontologyTerm.jsonld",
        "id" : 981501926,
        "src" : "guidelineTags",
        "term" : "Metabolizer Status",
        "termId" : "guidelineTags:981501926"
      }
    }, {
      "id" : 1445562020,
      "text" : "An individual carrying two normal function alleles",
      "textHtml" : "<p>An individual carrying two normal function alleles</p>",
      "type" : {
        "@id" : "https://www.pharmgkb.org/data/ontologyTerm/guidelineTags/guidelineTags:981501927",
        "@context" : "https://www.pharmgkb.org/jsonld/ontologyTerm.jsonld",
        "id" : 981501927,
        "src" : "guidelineTags",
        "term" : "Phenotype (Genotype)",
        "termId" : "guidelineTags:981501927"
      }
    }, {
      "id" : 1445562021,
      "text" : "Initiate therapy with recommended starting dose.",
      "textHtml" : "<p>Initiate therapy with recommended starting dose.</p>",
      "type" : {
        "@id" : "https://www.pharmgkb.org/data/ontologyTerm/guidelineTags/guidelineTags:981501928",
        "@context" : "https://www.pharmgkb.org/jsonld/ontologyTerm.jsonld",
        "id" : 981501928,
        "src" : "guidelineTags",
        "term" : "Recommendations",
        "termId" : "guidelineTags:981501928"
      }
    } ],
    "genotypes" : [ "CYP2C19:*1/*1", "CYP2C19:*1/*11", "CYP2C19:*1/*13", "CYP2C19:*1/*15", "CYP2C19:*1/*18", "CYP2C19:*1/*28", "CYP2C19:*11/*11", "CYP2C19:*11/*13", "CYP2C19:*11/*15", "CYP2C19:*11/*18", "CYP2C19:*11/*28", "CYP2C19:*13/*13", "CYP2C19:*13/*15", "CYP2C19:*13/*18", "CYP2C19:*13/*28", "CYP2C19:*15/*15", "CYP2C19:*15/*18", "CYP2C19:*15/*28", "CYP2C19:*18/*18", "CYP2C19:*18/*28", "CYP2C19:*28/*28" ],
    "strength" : {
      "@id" : "https://www.pharmgkb.org/data/ontologyTerm/guidelineStrength/guidelineStrength:981501930",
      "@context" : "https://www.pharmgkb.org/jsonld/ontologyTerm.jsonld",
      "id" : 981501930,
      "src" : "guidelineStrength",
      "term" : "Strong",
      "termId" : "guidelineStrength:981501930"
    }
  }, {
    "objCls" : "DosingGuidelineAnnotationGroup",
    "@id" : "https://www.pharmgkb.org/data/dosingGuidelineAnnotationGroup/PA166128767",
    "@context" : "https://www.pharmgkb.org/jsonld/dosingGuidelineAnnotationGroup.jsonld",
    "id" : "PA166128767",
    "name" : "Intermediate",
    "annotations" : [ {
      "id" : 1445562026,
      "text" : "Reduced metabolism when compared to extensive metabolizers.",
      "textHtml" : "<p>Reduced metabolism when compared to extensive metabolizers.</p>",
      "type" : {
        "@id" : "https://www.pharmgkb.org/data/ontologyTerm/guidelineTags/guidelineTags:981501925",
        "@context" : "https://www.pharmgkb.org/jsonld/ontologyTerm.jsonld",
        "id" : 981501925,
        "src" : "guidelineTags",
        "term" : "Implications",
        "termId" : "guidelineTags:981501925"
      }
    }, {
      "id" : 1445562027,
      "text" : "Intermediate metabolizer (~18-45% of patients)",
      "textHtml" : "<p>Intermediate metabolizer (~18-45% of patients)</p>",
      "type" : {
        "@id" : "https://www.pharmgkb.org/data/ontologyTerm/guidelineTags/guidelineTags:981501926",
        "@context" : "https://www.pharmgkb.org/jsonld/ontologyTerm.jsonld",
        "id" : 981501926,
        "src" : "guidelineTags",
        "term" : "Metabolizer Status",
        "termId" : "guidelineTags:981501926"
      }
    }, {
      "id" : 1445562028,
      "text" : "An individual carrying one normal function allele or one increased function allele and one no function allele. \r\n\r\n_The predicted metabolizer phenotype for the*2/*17 genotypes is a provisional classification. The currently available evidence indicates that the CYP2C19*17 increased function allele is unable to completely compensate for the no function CYP2C19*2._",
      "textHtml" : "<p>An individual carrying one normal function allele or one increased function allele and one no function allele. </p><p><em>The predicted metabolizer phenotype for the*2/*17 genotypes is a provisional classification. The currently available evidence indicates that the CYP2C19*17 increased function allele is unable to completely compensate for the no function CYP2C19*2.</em></p>",
      "type" : {
        "@id" : "https://www.pharmgkb.org/data/ontologyTerm/guidelineTags/guidelineTags:981501927",
        "@context" : "https://www.pharmgkb.org/jsonld/ontologyTerm.jsonld",
        "id" : 981501927,
        "src" : "guidelineTags",
        "term" : "Phenotype (Genotype)",
        "termId" : "guidelineTags:981501927"
      }
    }, {
      "id" : 1445562029,
      "text" : "Initiate therapy with recommended starting dose.",
      "textHtml" : "<p>Initiate therapy with recommended starting dose.</p>",
      "type" : {
        "@id" : "https://www.pharmgkb.org/data/ontologyTerm/guidelineTags/guidelineTags:981501928",
        "@context" : "https://www.pharmgkb.org/jsonld/ontologyTerm.jsonld",
        "id" : 981501928,
        "src" : "guidelineTags",
        "term" : "Recommendations",
        "termId" : "guidelineTags:981501928"
      }
    } ],
    "genotypes" : [ "CYP2C19:*1/*2", "CYP2C19:*1/*22", "CYP2C19:*1/*24", "CYP2C19:*1/*3", "CYP2C19:*1/*4", "CYP2C19:*1/*5", "CYP2C19:*1/*6", "CYP2C19:*1/*7", "CYP2C19:*1/*8", "CYP2C19:*11/*2", "CYP2C19:*11/*22", "CYP2C19:*11/*24", "CYP2C19:*11/*3", "CYP2C19:*11/*4", "CYP2C19:*11/*5", "CYP2C19:*11/*6", "CYP2C19:*11/*7", "CYP2C19:*11/*8", "CYP2C19:*13/*2", "CYP2C19:*13/*22", "CYP2C19:*13/*24", "CYP2C19:*13/*3", "CYP2C19:*13/*4", "CYP2C19:*13/*5", "CYP2C19:*13/*6", "CYP2C19:*13/*7", "CYP2C19:*13/*8", "CYP2C19:*15/*2", "CYP2C19:*15/*22", "CYP2C19:*15/*24", "CYP2C19:*15/*3", "CYP2C19:*15/*4", "CYP2C19:*15/*5", "CYP2C19:*15/*6", "CYP2C19:*15/*7", "CYP2C19:*15/*8", "CYP2C19:*17/*2", "CYP2C19:*17/*22", "CYP2C19:*17/*24", "CYP2C19:*17/*3", "CYP2C19:*17/*4", "CYP2C19:*17/*5", "CYP2C19:*17/*6", "CYP2C19:*17/*7", "CYP2C19:*17/*8", "CYP2C19:*18/*2", "CYP2C19:*18/*22", "CYP2C19:*18/*24", "CYP2C19:*18/*3", "CYP2C19:*18/*4", "CYP2C19:*18/*5", "CYP2C19:*18/*6", "CYP2C19:*18/*7", "CYP2C19:*18/*8", "CYP2C19:*2/*28", "CYP2C19:*22/*28", "CYP2C19:*24/*28", "CYP2C19:*28/*3", "CYP2C19:*28/*4", "CYP2C19:*28/*5", "CYP2C19:*28/*6", "CYP2C19:*28/*7", "CYP2C19:*28/*8" ],
    "strength" : {
      "@id" : "https://www.pharmgkb.org/data/ontologyTerm/guidelineStrength/guidelineStrength:981501930",
      "@context" : "https://www.pharmgkb.org/jsonld/ontologyTerm.jsonld",
      "id" : 981501930,
      "src" : "guidelineStrength",
      "term" : "Strong",
      "termId" : "guidelineStrength:981501930"
    }
  }, {
    "objCls" : "DosingGuidelineAnnotationGroup",
    "@id" : "https://www.pharmgkb.org/data/dosingGuidelineAnnotationGroup/PA166128768",
    "@context" : "https://www.pharmgkb.org/jsonld/dosingGuidelineAnnotationGroup.jsonld",
    "id" : "PA166128768",
    "name" : "Likely Intermediate Metabolizer",
    "annotations" : [ {
      "id" : 1445562030,
      "text" : "Likely to have reduced metabolism when compared to extensive metabolizers.",
      "textHtml" : "<p>Likely to have reduced metabolism when compared to extensive metabolizers.</p>",
      "type" : {
        "@id" : "https://www.pharmgkb.org/data/ontologyTerm/guidelineTags/guidelineTags:981501925",
        "@context" : "https://www.pharmgkb.org/jsonld/ontologyTerm.jsonld",
        "id" : 981501925,
        "src" : "guidelineTags",
        "term" : "Implications",
        "termId" : "guidelineTags:981501925"
      }
    }, {
      "id" : 1445562031,
      "text" : "Likely Intermediate metabolizer \r\n\r\n_Limited data are available to assess the predicted phenotypes for rare CYP2C19 diplotype combinations that include CYP2C19 alleles with decreased function and that have low frequencies in the general population (e.g., *9, *10). Therefore, for the purpose of this guideline the following assignments have been proposed: patients with two decreased function alleles OR patients with one normal or increased function allele AND one decreased function allele are categorized as “likely intermediate metabolizers” (e.g., CYP2C19*1/*9, *9/*9, *9/*17). For many rare alleles, no information regarding enzyme activity is currently available, and those with functional data have only been determined by in vitro studies. Consequently, the proposed “likely intermediate” metabolizer assignments were developed for diplotypes that contain one allele with an established effect on enzyme activity and a second allele with limited or no available activity data._",
      "textHtml" : "<p>Likely Intermediate metabolizer </p><p><em>Limited data are available to assess the predicted phenotypes for rare CYP2C19 diplotype combinations that include CYP2C19 alleles with decreased function and that have low frequencies in the general population (e.g., *9, *10). Therefore, for the purpose of this guideline the following assignments have been proposed: patients with two decreased function alleles OR patients with one normal or increased function allele AND one decreased function allele are categorized as “likely intermediate metabolizers” (e.g., CYP2C19*1/*9, *9/*9, *9/*17). For many rare alleles, no information regarding enzyme activity is currently available, and those with functional data have only been determined by in vitro studies. Consequently, the proposed “likely intermediate” metabolizer assignments were developed for diplotypes that contain one allele with an established effect on enzyme activity and a second allele with limited or no available activity data.</em></p>",
      "type" : {
        "@id" : "https://www.pharmgkb.org/data/ontologyTerm/guidelineTags/guidelineTags:981501926",
        "@context" : "https://www.pharmgkb.org/jsonld/ontologyTerm.jsonld",
        "id" : 981501926,
        "src" : "guidelineTags",
        "term" : "Metabolizer Status",
        "termId" : "guidelineTags:981501926"
      }
    }, {
      "id" : 1445562032,
      "text" : "An individual carrying two decreased function alleles or one normal or increased function allele and one decreased function allele",
      "textHtml" : "<p>An individual carrying two decreased function alleles or one normal or increased function allele and one decreased function allele</p>",
      "type" : {
        "@id" : "https://www.pharmgkb.org/data/ontologyTerm/guidelineTags/guidelineTags:981501927",
        "@context" : "https://www.pharmgkb.org/jsonld/ontologyTerm.jsonld",
        "id" : 981501927,
        "src" : "guidelineTags",
        "term" : "Phenotype (Genotype)",
        "termId" : "guidelineTags:981501927"
      }
    }, {
      "id" : 1445562033,
      "text" : "The SSRI CPIC guideline recommends for CYP2C19 intermediate metabolizer to initiate therapy with the recommended starting dose.",
      "textHtml" : "<p>The SSRI CPIC guideline recommends for CYP2C19 intermediate metabolizer to initiate therapy with the recommended starting dose.</p>",
      "type" : {
        "@id" : "https://www.pharmgkb.org/data/ontologyTerm/guidelineTags/guidelineTags:981501928",
        "@context" : "https://www.pharmgkb.org/jsonld/ontologyTerm.jsonld",
        "id" : 981501928,
        "src" : "guidelineTags",
        "term" : "Recommendations",
        "termId" : "guidelineTags:981501928"
      }
    } ],
    "genotypes" : [ "CYP2C19:*1/*10", "CYP2C19:*1/*16", "CYP2C19:*1/*19", "CYP2C19:*1/*25", "CYP2C19:*1/*26", "CYP2C19:*1/*9", "CYP2C19:*10/*10", "CYP2C19:*10/*11", "CYP2C19:*10/*13", "CYP2C19:*10/*15", "CYP2C19:*10/*16", "CYP2C19:*10/*17", "CYP2C19:*10/*18", "CYP2C19:*10/*19", "CYP2C19:*10/*25", "CYP2C19:*10/*26", "CYP2C19:*10/*28", "CYP2C19:*10/*9", "CYP2C19:*11/*16", "CYP2C19:*11/*19", "CYP2C19:*11/*25", "CYP2C19:*11/*26", "CYP2C19:*11/*9", "CYP2C19:*13/*16", "CYP2C19:*13/*19", "CYP2C19:*13/*25", "CYP2C19:*13/*26", "CYP2C19:*13/*9", "CYP2C19:*15/*16", "CYP2C19:*15/*19", "CYP2C19:*15/*25", "CYP2C19:*15/*26", "CYP2C19:*15/*9", "CYP2C19:*16/*16", "CYP2C19:*16/*17", "CYP2C19:*16/*18", "CYP2C19:*16/*19", "CYP2C19:*16/*25", "CYP2C19:*16/*26", "CYP2C19:*16/*28", "CYP2C19:*16/*9", "CYP2C19:*17/*19", "CYP2C19:*17/*25", "CYP2C19:*17/*26", "CYP2C19:*17/*9", "CYP2C19:*18/*19", "CYP2C19:*18/*25", "CYP2C19:*18/*26", "CYP2C19:*18/*9", "CYP2C19:*19/*19", "CYP2C19:*19/*25", "CYP2C19:*19/*26", "CYP2C19:*19/*28", "CYP2C19:*19/*9", "CYP2C19:*25/*25", "CYP2C19:*25/*26", "CYP2C19:*25/*28", "CYP2C19:*25/*9", "CYP2C19:*26/*26", "CYP2C19:*26/*28", "CYP2C19:*26/*9", "CYP2C19:*28/*9", "CYP2C19:*9/*9" ],
    "strength" : {
      "@id" : "https://www.pharmgkb.org/data/ontologyTerm/guidelineStrength/guidelineStrength:981501929",
      "@context" : "https://www.pharmgkb.org/jsonld/ontologyTerm.jsonld",
      "id" : 981501929,
      "src" : "guidelineStrength",
      "term" : "N/A",
      "termId" : "guidelineStrength:981501929"
    }
  }, {
    "objCls" : "DosingGuidelineAnnotationGroup",
    "@id" : "https://www.pharmgkb.org/data/dosingGuidelineAnnotationGroup/PA166128769",
    "@context" : "https://www.pharmgkb.org/jsonld/dosingGuidelineAnnotationGroup.jsonld",
    "id" : "PA166128769",
    "name" : "Likely Poor",
    "annotations" : [ {
      "id" : 1445562035,
      "text" : "Likely to have greatly reduced metabolism when compared to extensive metabolizers. Higher plasma concentrations may increase the probability of side effects.",
      "textHtml" : "<p>Likely to have greatly reduced metabolism when compared to extensive metabolizers. Higher plasma concentrations may increase the probability of side effects.</p>",
      "type" : {
        "@id" : "https://www.pharmgkb.org/data/ontologyTerm/guidelineTags/guidelineTags:981501925",
        "@context" : "https://www.pharmgkb.org/jsonld/ontologyTerm.jsonld",
        "id" : 981501925,
        "src" : "guidelineTags",
        "term" : "Implications",
        "termId" : "guidelineTags:981501925"
      }
    }, {
      "id" : 1445562036,
      "text" : "Likely Poor Metabolizer. \r\n\r\n_Limited data are available to assess the predicted phenotypes for rare CYP2C19 diplotype combinations that include CYP2C19 alleles with decreased function and that have low frequencies in the general population (e.g., *9, *10). Therefore, for the purpose of this guideline the following assignments have been proposed: patients with one decreased function allele and one no function allele are categorized as “likely poor metabolizers” (e.g., CYP2C19*2/*9). For many rare alleles, no information regarding enzyme activity is currently available, and those with functional data have only been determined by in vitro studies. Consequently, the proposed “likely poor” metabolizer assignments were developed for diplotypes that contain one allele with an established effect on enzyme activity and a second allele with limited or no available activity data._",
      "textHtml" : "<p>Likely Poor Metabolizer. </p><p><em>Limited data are available to assess the predicted phenotypes for rare CYP2C19 diplotype combinations that include CYP2C19 alleles with decreased function and that have low frequencies in the general population (e.g., *9, *10). Therefore, for the purpose of this guideline the following assignments have been proposed: patients with one decreased function allele and one no function allele are categorized as “likely poor metabolizers” (e.g., CYP2C19*2/*9). For many rare alleles, no information regarding enzyme activity is currently available, and those with functional data have only been determined by in vitro studies. Consequently, the proposed “likely poor” metabolizer assignments were developed for diplotypes that contain one allele with an established effect on enzyme activity and a second allele with limited or no available activity data.</em></p>",
      "type" : {
        "@id" : "https://www.pharmgkb.org/data/ontologyTerm/guidelineTags/guidelineTags:981501926",
        "@context" : "https://www.pharmgkb.org/jsonld/ontologyTerm.jsonld",
        "id" : 981501926,
        "src" : "guidelineTags",
        "term" : "Metabolizer Status",
        "termId" : "guidelineTags:981501926"
      }
    }, {
      "id" : 1445562034,
      "text" : "An individual carrying one decreased function allele and one no function allele",
      "textHtml" : "<p>An individual carrying one decreased function allele and one no function allele</p>",
      "type" : {
        "@id" : "https://www.pharmgkb.org/data/ontologyTerm/guidelineTags/guidelineTags:981501927",
        "@context" : "https://www.pharmgkb.org/jsonld/ontologyTerm.jsonld",
        "id" : 981501927,
        "src" : "guidelineTags",
        "term" : "Phenotype (Genotype)",
        "termId" : "guidelineTags:981501927"
      }
    }, {
      "id" : 1445562037,
      "text" : "The SSRI CPIC guideline recommends for CYP2C19 poor metabolizer to consider a 50% reduction of recommended starting dose and titrate to response or select alternative drug not predominantly metabolized by CYP2C19.\r\n\r\n_Percent dose adjustments corresponding to percent difference in oral clearances have been calculated/estimated by Stingl et al. [Article: 22565785]. Drug-drug interactions and other patient characteristics (e.g., age, renal function, liver function) should be considered when selecting an alternative therapy._",
      "textHtml" : "<p>The SSRI CPIC guideline recommends for CYP2C19 poor metabolizer to consider a 50% reduction of recommended starting dose and titrate to response or select alternative drug not predominantly metabolized by CYP2C19.</p><p><em>Percent dose adjustments corresponding to percent difference in oral clearances have been calculated/estimated by Stingl et al. <a href=\"Article: 22565785\">Article: 22565785</a>. Drug-drug interactions and other patient characteristics (e.g., age, renal function, liver function) should be considered when selecting an alternative therapy.</em></p>",
      "type" : {
        "@id" : "https://www.pharmgkb.org/data/ontologyTerm/guidelineTags/guidelineTags:981501928",
        "@context" : "https://www.pharmgkb.org/jsonld/ontologyTerm.jsonld",
        "id" : 981501928,
        "src" : "guidelineTags",
        "term" : "Recommendations",
        "termId" : "guidelineTags:981501928"
      }
    } ],
    "genotypes" : [ "CYP2C19:*10/*2", "CYP2C19:*10/*22", "CYP2C19:*10/*24", "CYP2C19:*10/*3", "CYP2C19:*10/*4", "CYP2C19:*10/*5", "CYP2C19:*10/*6", "CYP2C19:*10/*7", "CYP2C19:*10/*8", "CYP2C19:*16/*2", "CYP2C19:*16/*22", "CYP2C19:*16/*24", "CYP2C19:*16/*3", "CYP2C19:*16/*4", "CYP2C19:*16/*5", "CYP2C19:*16/*6", "CYP2C19:*16/*7", "CYP2C19:*16/*8", "CYP2C19:*19/*2", "CYP2C19:*19/*22", "CYP2C19:*19/*24", "CYP2C19:*19/*3", "CYP2C19:*19/*4", "CYP2C19:*19/*5", "CYP2C19:*19/*6", "CYP2C19:*19/*7", "CYP2C19:*19/*8", "CYP2C19:*2/*25", "CYP2C19:*2/*26", "CYP2C19:*2/*9", "CYP2C19:*22/*25", "CYP2C19:*22/*26", "CYP2C19:*22/*9", "CYP2C19:*24/*25", "CYP2C19:*24/*26", "CYP2C19:*24/*9", "CYP2C19:*25/*3", "CYP2C19:*25/*4", "CYP2C19:*25/*5", "CYP2C19:*25/*6", "CYP2C19:*25/*7", "CYP2C19:*25/*8", "CYP2C19:*26/*3", "CYP2C19:*26/*4", "CYP2C19:*26/*5", "CYP2C19:*26/*6", "CYP2C19:*26/*7", "CYP2C19:*26/*8", "CYP2C19:*3/*9", "CYP2C19:*4/*9", "CYP2C19:*5/*9", "CYP2C19:*6/*9", "CYP2C19:*7/*9", "CYP2C19:*8/*9" ],
    "strength" : {
      "@id" : "https://www.pharmgkb.org/data/ontologyTerm/guidelineStrength/guidelineStrength:981501929",
      "@context" : "https://www.pharmgkb.org/jsonld/ontologyTerm.jsonld",
      "id" : 981501929,
      "src" : "guidelineStrength",
      "term" : "N/A",
      "termId" : "guidelineStrength:981501929"
    }
  }, {
    "objCls" : "DosingGuidelineAnnotationGroup",
    "@id" : "https://www.pharmgkb.org/data/dosingGuidelineAnnotationGroup/PA166128770",
    "@context" : "https://www.pharmgkb.org/jsonld/dosingGuidelineAnnotationGroup.jsonld",
    "id" : "PA166128770",
    "name" : "Poor",
    "annotations" : [ {
      "id" : 1445562038,
      "text" : "Greatly reduced metabolism when compared to extensive metabolizers. Higher plasma concentrations may increase the probability of side effects.",
      "textHtml" : "<p>Greatly reduced metabolism when compared to extensive metabolizers. Higher plasma concentrations may increase the probability of side effects.</p>",
      "type" : {
        "@id" : "https://www.pharmgkb.org/data/ontologyTerm/guidelineTags/guidelineTags:981501925",
        "@context" : "https://www.pharmgkb.org/jsonld/ontologyTerm.jsonld",
        "id" : 981501925,
        "src" : "guidelineTags",
        "term" : "Implications",
        "termId" : "guidelineTags:981501925"
      }
    }, {
      "id" : 1445562039,
      "text" : "Poor metabolizer (~2-15% of patients)",
      "textHtml" : "<p>Poor metabolizer (~2-15% of patients)</p>",
      "type" : {
        "@id" : "https://www.pharmgkb.org/data/ontologyTerm/guidelineTags/guidelineTags:981501926",
        "@context" : "https://www.pharmgkb.org/jsonld/ontologyTerm.jsonld",
        "id" : 981501926,
        "src" : "guidelineTags",
        "term" : "Metabolizer Status",
        "termId" : "guidelineTags:981501926"
      }
    }, {
      "id" : 1445562040,
      "text" : "An individual carrying two no function alleles",
      "textHtml" : "<p>An individual carrying two no function alleles</p>",
      "type" : {
        "@id" : "https://www.pharmgkb.org/data/ontologyTerm/guidelineTags/guidelineTags:981501927",
        "@context" : "https://www.pharmgkb.org/jsonld/ontologyTerm.jsonld",
        "id" : 981501927,
        "src" : "guidelineTags",
        "term" : "Phenotype (Genotype)",
        "termId" : "guidelineTags:981501927"
      }
    }, {
      "id" : 1445562041,
      "text" : "Consider a 50% reduction of recommended starting dose and titrate to response or select alternative drug not predominantly metabolized by CYP2C19. \r\n\r\n_Percent dose adjustments corresponding to percent difference in oral clearances have been calculated/estimated by Stingl et al. [Article: 22565785]. Drug-drug interactions and other patient characteristics (e.g., age, renal function, liver function) should be considered when selecting an alternative therapy._",
      "textHtml" : "<p>Consider a 50% reduction of recommended starting dose and titrate to response or select alternative drug not predominantly metabolized by CYP2C19. </p><p><em>Percent dose adjustments corresponding to percent difference in oral clearances have been calculated/estimated by Stingl et al. <a href=\"Article: 22565785\">Article: 22565785</a>. Drug-drug interactions and other patient characteristics (e.g., age, renal function, liver function) should be considered when selecting an alternative therapy.</em></p>",
      "type" : {
        "@id" : "https://www.pharmgkb.org/data/ontologyTerm/guidelineTags/guidelineTags:981501928",
        "@context" : "https://www.pharmgkb.org/jsonld/ontologyTerm.jsonld",
        "id" : 981501928,
        "src" : "guidelineTags",
        "term" : "Recommendations",
        "termId" : "guidelineTags:981501928"
      }
    } ],
    "genotypes" : [ "CYP2C19:*2/*2", "CYP2C19:*2/*22", "CYP2C19:*2/*24", "CYP2C19:*2/*3", "CYP2C19:*2/*4", "CYP2C19:*2/*5", "CYP2C19:*2/*6", "CYP2C19:*2/*7", "CYP2C19:*2/*8", "CYP2C19:*22/*22", "CYP2C19:*22/*24", "CYP2C19:*22/*3", "CYP2C19:*22/*4", "CYP2C19:*22/*5", "CYP2C19:*22/*6", "CYP2C19:*22/*7", "CYP2C19:*22/*8", "CYP2C19:*24/*24", "CYP2C19:*24/*3", "CYP2C19:*24/*4", "CYP2C19:*24/*5", "CYP2C19:*24/*6", "CYP2C19:*24/*7", "CYP2C19:*24/*8", "CYP2C19:*3/*3", "CYP2C19:*3/*4", "CYP2C19:*3/*5", "CYP2C19:*3/*6", "CYP2C19:*3/*7", "CYP2C19:*3/*8", "CYP2C19:*4/*4", "CYP2C19:*4/*5", "CYP2C19:*4/*6", "CYP2C19:*4/*7", "CYP2C19:*4/*8", "CYP2C19:*5/*5", "CYP2C19:*5/*6", "CYP2C19:*5/*7", "CYP2C19:*5/*8", "CYP2C19:*6/*6", "CYP2C19:*6/*7", "CYP2C19:*6/*8", "CYP2C19:*7/*7", "CYP2C19:*7/*8", "CYP2C19:*8/*8" ],
    "strength" : {
      "@id" : "https://www.pharmgkb.org/data/ontologyTerm/guidelineStrength/guidelineStrength:981565059",
      "@context" : "https://www.pharmgkb.org/jsonld/ontologyTerm.jsonld",
      "id" : 981565059,
      "src" : "guidelineStrength",
      "term" : "Optional",
      "termId" : "guidelineStrength:981565059"
    }
  }, {
    "objCls" : "DosingGuidelineAnnotationGroup",
    "@id" : "https://www.pharmgkb.org/data/dosingGuidelineAnnotationGroup/PA166128771",
    "@context" : "https://www.pharmgkb.org/jsonld/dosingGuidelineAnnotationGroup.jsonld",
    "id" : "PA166128771",
    "name" : "Ultrarapid",
    "annotations" : [ {
      "id" : 1445562042,
      "text" : "Increased metabolism when compared to extensive metabolizers. Lower plasma concentrations will increase probability of pharmacotherapy failure.",
      "textHtml" : "<p>Increased metabolism when compared to extensive metabolizers. Lower plasma concentrations will increase probability of pharmacotherapy failure.</p>",
      "type" : {
        "@id" : "https://www.pharmgkb.org/data/ontologyTerm/guidelineTags/guidelineTags:981501925",
        "@context" : "https://www.pharmgkb.org/jsonld/ontologyTerm.jsonld",
        "id" : 981501925,
        "src" : "guidelineTags",
        "term" : "Implications",
        "termId" : "guidelineTags:981501925"
      }
    }, {
      "id" : 1445562043,
      "text" : "Ultrarapid metabolizer (~5-30% of patients)",
      "textHtml" : "<p>Ultrarapid metabolizer (~5-30% of patients)</p>",
      "type" : {
        "@id" : "https://www.pharmgkb.org/data/ontologyTerm/guidelineTags/guidelineTags:981501926",
        "@context" : "https://www.pharmgkb.org/jsonld/ontologyTerm.jsonld",
        "id" : 981501926,
        "src" : "guidelineTags",
        "term" : "Metabolizer Status",
        "termId" : "guidelineTags:981501926"
      }
    }, {
      "id" : 1445562044,
      "text" : "An individual carrying two increased function alleles or one normal function allele and one increased function allele",
      "textHtml" : "<p>An individual carrying two increased function alleles or one normal function allele and one increased function allele</p>",
      "type" : {
        "@id" : "https://www.pharmgkb.org/data/ontologyTerm/guidelineTags/guidelineTags:981501927",
        "@context" : "https://www.pharmgkb.org/jsonld/ontologyTerm.jsonld",
        "id" : 981501927,
        "src" : "guidelineTags",
        "term" : "Phenotype (Genotype)",
        "termId" : "guidelineTags:981501927"
      }
    }, {
      "id" : 1445562045,
      "text" : "Initiate therapy with recommended starting dose. If patient does not respond to recommended maintenance dosing, consider alternative drug not predominantly metabolized by CYP2C19. \r\n\r\n_Drug-drug interactions and other patient characteristics (e.g., age, renal function, liver function) should be considered when selecting an alternative therapy._",
      "textHtml" : "<p>Initiate therapy with recommended starting dose. If patient does not respond to recommended maintenance dosing, consider alternative drug not predominantly metabolized by CYP2C19. </p><p><em>Drug-drug interactions and other patient characteristics (e.g., age, renal function, liver function) should be considered when selecting an alternative therapy.</em></p>",
      "type" : {
        "@id" : "https://www.pharmgkb.org/data/ontologyTerm/guidelineTags/guidelineTags:981501928",
        "@context" : "https://www.pharmgkb.org/jsonld/ontologyTerm.jsonld",
        "id" : 981501928,
        "src" : "guidelineTags",
        "term" : "Recommendations",
        "termId" : "guidelineTags:981501928"
      }
    } ],
    "genotypes" : [ "CYP2C19:*1/*17", "CYP2C19:*11/*17", "CYP2C19:*13/*17", "CYP2C19:*15/*17", "CYP2C19:*17/*17", "CYP2C19:*17/*18", "CYP2C19:*17/*28" ],
    "strength" : {
      "@id" : "https://www.pharmgkb.org/data/ontologyTerm/guidelineStrength/guidelineStrength:981565059",
      "@context" : "https://www.pharmgkb.org/jsonld/ontologyTerm.jsonld",
      "id" : 981565059,
      "src" : "guidelineStrength",
      "term" : "Optional",
      "termId" : "guidelineStrength:981565059"
    }
  } ],
  "relatedChemicals" : [ {
    "objCls" : "Chemical",
    "@id" : "https://www.pharmgkb.org/data/chemical/PA451333",
    "@context" : "https://www.pharmgkb.org/jsonld/chemical.jsonld",
    "id" : "PA451333",
    "name" : "sertraline"
  } ],
  "relatedGenes" : [ {
    "objCls" : "Gene",
    "@id" : "https://www.pharmgkb.org/data/gene/PA124",
    "@context" : "https://www.pharmgkb.org/jsonld/gene.jsonld",
    "id" : "PA124",
    "symbol" : "CYP2C19",
    "name" : "cytochrome P450, family 2, subfamily C, polypeptide 19"
  } ],
  "source" : "CPIC",
  "summaryHtml" : "<p>The CPIC Dosing Guideline for the selective serotonin reuptake inhibitor sertraline recommends to consider a 50% reduction of recommended starting dose and titrate to response or select alternative drug not predominantly metabolized by CYP2C19 for CYP2C19 poor metabolizers.</p>",
  "textHtml" : "<h3 id=\"May2015\">May 2015</h3><p><em>Advanced online publication May 2015</em></p><ul><li>Guidelines regarding the use of pharmacogenomic tests in dosing of selective serotonin reuptake inhibitors have been published in Clinical Pharmacology and Therapeutics by the Clinical Pharmacogenetics Implementation Consortium (<a href=\"/contributors/consortia/cpic_profile.jsp\">CPIC</a>).</li><li>Excerpts from the 2015 selective serotonin reuptake inhibitors dosing guidelines (for sertraline and CYP2C19):<ul><li>\"No dose adjustment is recommended for CYP2C19 ultrarapid metabolizers; however, if a patient is not responding to adequate maintenance doses of sertraline, consider an alternative SSRI not predominantly metabolized by CYP2C19.\"</li><li>\"Pharmacokinetic data show reduced oral clearance of sertraline in CYP2C19 poor metabolizers...Side effects in CYP2C19 poor metabolizers have also been reported to be more frequent than in normal metabolizers. Therefore, in CYP2C19 poor metabolizers a dose reduction of 50% is recommended or an alternative SSRI not extensively metabolized by CYP2C19 should be considered.\"</li><li>\"The recommendations in the guideline and below apply primarily to actions based on genetic tests only; drug interactions and other clinical factors can have a major influence for prescribing decisions for SSRIs and should be taken into consideration before initiating drug therapy.\"</li><li>\"Data describing the relationship between CYP2D6 or CYP2C19 genotype and SSRI systemic exposure or steady state plasma concentrations in pediatric patients are scarce...CYP2C19 activity may be increased in children relative to adults; therefore, these recommendations should be used with caution in children and accompanied by close monitoring.\" </li></ul></li><li>Download and read:<ul><li><a href=\"/redirect.jsp?p=https%3A%2F%2Fgithub.com%2FPharmGKB%2Fcpic-guidelines%2Fraw%2Fmaster%2FSSRI%2F2015%2F25974703.pdf\" target=\"offsite\">Clinical Pharmacogenetics Implementation Consortium (CPIC) Guideline for CYP2D6 and CYP2C19 Genotypes and Dosing of Selective Serotonin Reuptake Inhibitors</a></li><li><a href=\"/redirect.jsp?p=https%3A%2F%2Fgithub.com%2FPharmGKB%2Fcpic-guidelines%2Fraw%2Fmaster%2FSSRI%2F2015%2F25974703-supplement.pdf\" target=\"offsite\">2015 Supplement</a></li><li><a href=\"/redirect.jsp?p=https%3A%2F%2Fgithub.com%2FPharmGKB%2Fcpic-guidelines%2Fraw%2Fmaster%2FSSRI%2F2015%2F25974703_2015%2520CYP2C19%2520SSRI%2520translation%2520table.xlsx\" target=\"offsite\">2015 CYP2C19 SSRI translation table</a></li><li><a href=\"/redirect.jsp?p=https%3A%2F%2Fgithub.com%2FPharmGKB%2Fcpic-guidelines%2Fraw%2Fmaster%2FSSRI%2F2015%2F25974703_CYP2C19%2520frequency%2520table%2520legend.pdf\" target=\"offsite\">CYP2C19 frequency table legend</a></li><li><a href=\"/redirect.jsp?p=https%3A%2F%2Fgithub.com%2FPharmGKB%2Fcpic-guidelines%2Fraw%2Fmaster%2FSSRI%2F2015%2F25974703_CYP2C19%2520frequency%2520table.xlsx\" target=\"offsite\">CYP2C19 frequency table</a></li></ul></li></ul><h3 id=\"Table1DosingrecommendationsforsertralinebasedonCYP2C19phenotype\">Table 1: Dosing recommendations for sertraline based on CYP2C19 phenotype:</h3><p><em>Adapted from Tables 1 and 3b of the 2015 guideline manuscript.</em></p><table class=\"table table-striped table-condensed table-hover table-bordered\"><tr><th>Likely phenotype</th><th>Genotypes</th><th>Examples of CYP2C19 diplotypes</th><th>Implications for sertraline metabolism</th><th>Therapeutic Recommendations</th><th>Classification of recommendations <sup>a</sup></th></tr><tr><td>Ultrarapid metabolizer (~5-30% of patients) <sup>b</sup></td><td>An individual carrying two increased function alleles or one normal function allele and one increased function allele</td><td>*17/*17, *1/*17</td><td>Increased metabolism when compared to extensive metabolizers.</td><td>Initiate therapy with recommended starting dose. If patient does not respond to recommended maintenance dosing, consider alternative drug not predominantly metabolized by CYP2C19.<sup>c</sup></td><td>Optional</td></tr><tr><td>Extensive metabolizer (~35-50% of patients)</td><td>An individual carrying two normal function alleles</td><td>*1/*1</td><td>Normal metabolism</td><td>Initiate therapy with recommended starting dose.</td><td>Strong</td></tr><tr><td>Intermediate metabolizer (~18-45% of patients)</td><td>An individual carrying one normal function allele or one increased function allele and one no function allele</td><td>*1/*2, *1/*3, *2/*17 <sup>d</sup></td><td>Reduced metabolism when compared to extensive metabolizers.</td><td>Initiate therapy with recommended starting dose.</td><td>Strong</td></tr><tr><td>Poor metabolizer (~2-15% of patients)</td><td>An individual carrying two no function alleles</td><td>*2/*2, *2/*3, *3/*3</td><td>Greatly reduced metabolism when compared to extensive metabolizers. Higher plasma concentrations may increase the probability of side effects.</td><td>Consider a 50% reduction <sup>e</sup> of recommended starting dose and titrate to response or select alternative drug not predominantly metabolized by CYP2C19.<sup>c</sup></td><td>Optional</td></tr></table><p><sup>a</sup> Rating scheme described in Supplement.<br/><sup>b</sup> CYP2C19 metabolizer status frequencies are based on average multi-ethnic frequency. <br/><sup>c</sup> Drug-drug interactions and other patient characteristics (e.g., age, renal function, liver function) should be considered when selecting an alternative therapy.<br/><sup>d</sup> The predicted metabolizer phenotype for the*2/*17 genotypes is a provisional classification. The currently available evidence indicates that the CYP2C19*17 increased function allele is unable to completely compensate for the no function CYP2C19*2. See Supplemental Materials for a more comprehensive list of predicted metabolizer phenotypes.<br/><sup>e</sup> Percent dose adjustments corresponding to percent difference in oral clearances have been calculated/estimated by Stingl et al. [Article:<a href=\"/pmid/22565785\">22565785</a>].</p>"
}