{
  "objCls" : "Guideline",
  "@id" : "https://www.pharmgkb.org/data/guideline/PA166104964",
  "@context" : "https://www.pharmgkb.org/jsonld/guideline.jsonld",
  "id" : "PA166104964",
  "name" : "Dutch Pharmacogenetics Working Group Guideline for clomipramine and CYP2D6",
  "relatedChemicals" : [ {
    "objCls" : "Chemical",
    "@id" : "https://www.pharmgkb.org/data/chemical/PA449048",
    "@context" : "https://www.pharmgkb.org/jsonld/chemical.jsonld",
    "id" : "PA449048",
    "name" : "clomipramine"
  } ],
  "relatedGenes" : [ {
    "objCls" : "Gene",
    "@id" : "https://www.pharmgkb.org/data/gene/PA128",
    "@context" : "https://www.pharmgkb.org/jsonld/gene.jsonld",
    "id" : "PA128",
    "symbol" : "CYP2D6",
    "name" : "cytochrome P450, family 2, subfamily D, polypeptide 6"
  } ],
  "source" : "DPWG",
  "summaryHtml" : "<p>The Dutch Pharmacogenetics Working Group Guideline for clomipramine recommends to reduce the dose by 50% for CYP2D6 poor metabolizers, and select an alternative drug for ultrarapid metabolizers. Monitor (desmethyl)clomipramine plasma concentration.</p>",
  "textHtml" : "<p>The Royal Dutch Pharmacists Association - Pharmacogenetics Working Group has evaluated therapeutic dose recommendations for clomipramine based on CYP2D6 genotypes [Article:<a href=\"/pmid/21412232\">21412232</a>].  They recommend lower dose for patients carrying the poor metabolizer (PM) alleles and alternative drug for patients carrying the ultrarapid metabolizer (UM) allleles.</p><table class=\"table table-striped table-condensed table-hover table-bordered\"><tr><th> Phenotype (Genotype) </th><th> Therapeutic Dose Recommendation </th><th> Level of Evidence </th><th> Clinical Relevance </th></tr><tr><td> PM (two inactive (*3-*8, *11-*16, *19-*21, *38, *40, *42) alleles) </td><td> Reduce dose by 50% and monitor (desmethyl) clomipramine plasma concentration. </td><td> Published controlled studies of good quality* relating to phenotyped and/or genotyped patients or healthy volunteers, and having relevant pharmacokinetic or clinical endpoints. </td><td> Clinical effect (S): long-standing discomfort (48-168 hr) without permanent injury e.g. failure of therapy with tricyclic antidepressants, atypical antipsychotic drugs; extrapyramidal side effects; parkinsonism; ADE resulting from increased bioavailability of tricyclic antidepressants, metoprolol, propafenone (central effects e.g. dizziness); INR 4.5-6.0; neutropenia 1.0-1.5x109/l; leucopenia 2.0-3.0x109/l; thrombocytopenia 50-75x109/l. </td></tr><tr><td> IM (two decreased-activity (*9, *10, *17, *29, *36, *41) alleles or carrying one active (*1, *2, *33, *35) and one inactive (*3-*8, *11-*16, *19-*21, *38, *40, *42) allele, or carrying one decreased-activity (*9, *10, *17, *29, *36, *41) allele and one inactive (*3-*8, *11-*16, *19-*21, *38, *40, *42) allele) </td><td> Insufficient data to allow calculation of dose adjustment. Monitor (desmethyl)clomipramine plasma concentration </td><td> Published controlled studies of good quality* relating to phenotyped and/or genotyped patients or healthy volunteers, and having relevant pharmacokinetic or clinical endpoints. </td><td> Clinical effect (S): long-standing discomfort (48-168 hr) without permanent injury e.g. failure of therapy with tricyclic antidepressants, atypical antipsychotic drugs; extrapyramidal side effects; parkinsonism; ADE resulting from increased bioavailability of tricyclic antidepressants, metoprolol, propafenone (central effects e.g. dizziness); INR 4.5-6.0; neutropenia 1.0-1.5x109/l; leucopenia 2.0-3.0x109/l; thrombocytopenia 50-75x109/l. </td></tr><tr><td> UM (a gene duplication in absence of inactive (*3-*8, *11-*16, *19-*21, *38, *40, *42) or decreased-activity (*9, *10, *17, *29, *36, *41) alleles) </td><td>Select alternative drug (e.g., citalopram, sertralin) or monitor (desmethyl)clomipramine plasma concentration. </td><td> Published case reports, well documented, and having relevant pharmacokinetic or clinical endpoints. Well documented case series. </td><td> Clinical effect (S): long-standing discomfort (48-168 hr) without permanent injury e.g. failure of therapy with tricyclic antidepressants, atypical antipsychotic drugs; extrapyramidal side effects; parkinsonism; ADE resulting from increased bioavailability of tricyclic antidepressants, metoprolol, propafenone (central effects e.g. dizziness); INR 4.5-6.0; neutropenia 1.0-1.5x109/l; leucopenia 2.0-3.0x109/l; thrombocytopenia 50-75x109/l. </td></tr></table><ul><li>*See <a href=\"http://www.pharmgkb.org/home/dutch_pharmacogenetics_working_group.jsp\">Methods</a> or <a href=\"http://www.pharmgkb.org/pmid/18253145\">PMID: 18253145</a> for definition of \"good quality.\"</li><li>S: statistically significant difference.</li><li>Please see attached PDF for detailed information about the evaluated studies: <a href=\"/download.do?objCls=Attachment&amp;objId=clomipramine_CYP2D6_271111.pdf\" title=\"link tip\">Clomipramine CYP2D6</a></li></ul>"
}