{
  "objCls" : "Guideline",
  "@id" : "https://www.pharmgkb.org/data/guideline/PA166104980",
  "@context" : "https://www.pharmgkb.org/jsonld/guideline.jsonld",
  "id" : "PA166104980",
  "name" : "Dutch Pharmacogenetics Working Group Guideline for sertraline and CYP2C19",
  "relatedChemicals" : [ {
    "objCls" : "Chemical",
    "@id" : "https://www.pharmgkb.org/data/chemical/PA451333",
    "@context" : "https://www.pharmgkb.org/jsonld/chemical.jsonld",
    "id" : "PA451333",
    "name" : "sertraline"
  } ],
  "relatedGenes" : [ {
    "objCls" : "Gene",
    "@id" : "https://www.pharmgkb.org/data/gene/PA124",
    "@context" : "https://www.pharmgkb.org/jsonld/gene.jsonld",
    "id" : "PA124",
    "symbol" : "CYP2C19",
    "name" : "cytochrome P450, family 2, subfamily C, polypeptide 19"
  } ],
  "source" : "DPWG",
  "summaryHtml" : "<p>Reduce sertraline dose by 50% for patients with CYP2C19 poor metabolizer genotypes (PM), and be extra alert to adverse drug events in patients with CYP2C19 intermediate metabolizer genotypes (IM).</p>",
  "textHtml" : "<p>The Royal Dutch Pharmacists Association - Pharmacogenetics Working Group has evaluated therapeutic dose recommendations for sertraline based on <em>CYP2C19</em> genotype [Article:<a href=\"/pmid/21412232\">21412232</a>]. </p><table class=\"table table-striped table-condensed table-hover table-bordered\"><tr><th> Phenotype (Genotype) </th><th> Therapeutic Dose Recommendation </th><th> Level of Evidence </th><th> Clinical Relevance </th></tr><tr><td> <em>CYP2C19</em> PM (*2/*2, *2/*3, *3/*3) </td><td> Reduce dose by 50%. </td><td> Published controlled studies of moderate quality relating to phenotyped and/or genotyped patients or healthy volunteers, and having relevant pharmacokinetic or clinical endpoints </td><td> Clinical effect (statistically significant difference): long-standing discomfort (48-168 hr) without permanent injury e.g. failure of therapy with tricyclic antidepressants, atypical antipsychotic drugs; extrapyramidal side effects; parkinsonism; adverse drug events resulting from increased bioavailability of tricyclic antidepressants, metoprolol, propafenone (central effects e.g. dizziness); international normalized ratio 4.5-6.0; neutropenia 1.0-1.5x109/l; leucopenia 2.0-3.0x109/l; thrombocytopenia 50-75x109/l  </td></tr><tr><td> <em>CYP2C19</em> IM (*1/*2, *1/*3, *17/*2, *17/*3) </td><td> Insufficient data to allow calculation of dose adjustment. Be extra alert to adverse drug events (e.g., nausea, vomiting, diarrhea). </td><td> Published controlled studies of moderate quality relating to phenotyped and/or genotyped patients or healthy volunteers, and having relevant pharmacokinetic or clinical endpoints </td><td> Minor clinical effect (statistically significant difference): QTc prolongation (&lt;450 ms female, &lt;470 ms male); international normalized ratio increase &lt; 4.5 <br/>Kinetic effect (statistically significant difference)  </td></tr><tr><td> <em>CYP2C19</em> UM (*17/*17) </td><td>  None </td><td> no data was retrieved with the literature search </td><td> no data was retrieved with the literature search </td></tr></table><ul><li>*See <a href=\"http://www.pharmgkb.org/home/dutch_pharmacogenetics_working_group.jsp\">Methods</a> or <a href=\"http://www.pharmgkb.org/pmid/18253145\">PMID: 18253145</a> for definition of \"moderate\" quality.</li><li>Please see attached PDF for detailed information about the evaluated studies: <a href=\"/download.do?objCls=Attachment&amp;objId=sertraline_CYP2C19_271111.pdf\" title=\"link tip\">Sertraline CYP2C19</a></li></ul>"
}