{
  "objCls" : "Guideline",
  "@id" : "https://www.pharmgkb.org/data/guideline/PA166104971",
  "@context" : "https://www.pharmgkb.org/jsonld/guideline.jsonld",
  "id" : "PA166104971",
  "name" : "Dutch Pharmacogenetics Working Group Guideline for gliclazide and CYP2C9",
  "relatedChemicals" : [ {
    "objCls" : "Chemical",
    "@id" : "https://www.pharmgkb.org/data/chemical/PA10892",
    "@context" : "https://www.pharmgkb.org/jsonld/chemical.jsonld",
    "id" : "PA10892",
    "name" : "gliclazide"
  } ],
  "relatedGenes" : [ {
    "objCls" : "Gene",
    "@id" : "https://www.pharmgkb.org/data/gene/PA126",
    "@context" : "https://www.pharmgkb.org/jsonld/gene.jsonld",
    "id" : "PA126",
    "symbol" : "CYP2C9",
    "name" : "cytochrome P450, family 2, subfamily C, polypeptide 9"
  } ],
  "source" : "DPWG",
  "summaryHtml" : "<p>There are currently no dosing recommendations for gliclazide based on CYP2C9 genotype.</p>",
  "textHtml" : "<table class=\"table table-striped table-condensed table-hover table-bordered\"><tr><th> Genotype </th><th> Therapeutic Dose Recommendation </th><th> Level of Evidence </th><th> Clinical Relevance </th></tr><tr><td> CYP2C9 *1/*2 </td><td> None </td><td> Published controlled studies of moderate quality* relating to phenotyped and/or genotyped patients or healthy volunteers, and having relevant pharmacokinetic or clinical endpoints. </td><td> Clinical effect (NS) Kinetic effect (NS) </td></tr><tr><td> CYP2C9 *2/*2 </td><td> None </td><td> Published controlled studies of moderate quality* relating to phenotyped and/or genotyped patients or healthy volunteers, and having relevant pharmacokinetic or clinical endpoints. </td><td> Clinical effect (NS) Kinetic effect (NS) </td></tr><tr><td> CYP2C9 *1/*3 </td><td> None </td><td> Published controlled studies of moderate quality* relating to phenotyped and/or genotyped patients or healthy volunteers, and having relevant pharmacokinetic or clinical endpoints. </td><td> Clinical effect (NS) Kinetic effect (NS) </td></tr><tr><td> CYP2C9 *2/*3 </td><td> None </td><td> Published controlled studies of moderate quality* relating to phenotyped and/or genotyped patients or healthy volunteers, and having relevant pharmacokinetic or clinical endpoints. </td><td> Clinical effect (NS) Kinetic effect (NS) </td></tr><tr><td> CYP2C9 *3/*3 </td><td> None </td><td> Published controlled studies of moderate quality* relating to phenotyped and/or genotyped patients or healthy volunteers, and having relevant pharmacokinetic or clinical endpoints. </td><td> Clinical effect (NS) Kinetic effect (NS) </td></tr></table><ul><li>*See <a href=\"http://www.pharmgkb.org/home/dutch_pharmacogenetics_working_group.jsp\">Methods</a> or <a href=\"http://www.pharmgkb.org/pmid/18253145\">PMID: 18253145</a> for definition of \"moderate\" quality.</li><li>S: statistically significant difference.</li><li>NS: non-significant</li></ul>"
}