{
  "objCls" : "Guideline",
  "@id" : "https://www.pharmgkb.org/data/guideline/PA166104984",
  "@context" : "https://www.pharmgkb.org/jsonld/guideline.jsonld",
  "id" : "PA166104984",
  "name" : "Dutch Pharmacogenetics Working Group Guideline for phenytoin and CYP2C9",
  "relatedChemicals" : [ {
    "objCls" : "Chemical",
    "@id" : "https://www.pharmgkb.org/data/chemical/PA450947",
    "@context" : "https://www.pharmgkb.org/jsonld/chemical.jsonld",
    "id" : "PA450947",
    "name" : "phenytoin"
  } ],
  "relatedGenes" : [ {
    "objCls" : "Gene",
    "@id" : "https://www.pharmgkb.org/data/gene/PA126",
    "@context" : "https://www.pharmgkb.org/jsonld/gene.jsonld",
    "id" : "PA126",
    "symbol" : "CYP2C9",
    "name" : "cytochrome P450, family 2, subfamily C, polypeptide 9"
  } ],
  "source" : "DPWG",
  "summaryHtml" : "<p>Use the standard starting dose of phenytoin and reduce the maintenance dose based on CYP2C9 genotype; monitor response and serum concentrations and be aware of ADEs.</p>",
  "textHtml" : "<p>The Royal Dutch Pharmacists Association - Pharmacogenetics Working Group has evaluated therapeutic dose recommendations for phenytoin based on CYP2C9 genotype [Article:<a href=\"/pmid/21412232\">21412232</a>].</p><table class=\"table table-striped table-condensed table-hover table-bordered\"><tr><th> Genotype </th><th> Therapeutic Dose Recommendation </th><th> Level of Evidence </th><th> Clinical Relevance </th></tr><tr><td> CYP2C9 *1/*2 </td><td> Standard loading dose. Reduce maintenance dose by 25%. Evaluate response and serum concentration after 7-10 days. Be alert to ADEs (e.g., ataxia, nystagmus, dysarthria, sedation) </td><td> Published controlled studies of good quality* relating to phenotyped and/or genotyped patients or healthy volunteers, and having relevant pharmacokinetic or clinical endpoints. </td><td> Minor clinical effect (S): QTc prolongation (&lt;450 ms females, &lt;470 ms males); INR increase &lt; 4.5Kinetic effect (S) </td></tr><tr><td> CYP2C9 *2/*2 </td><td> Standard loading dose. Reduce maintenance dose by 50%. Evaluate response and serum concentration after 7-10 days. Be alert to ADEs (e.g., ataxia, nystagmus, dysarthria, sedation) </td><td> Published controlled studies of good quality* relating to phenotyped and/or genotyped patients or healthy volunteers, and having relevant pharmacokinetic or clinical endpoints. </td><td> Minor clinical effect (S): QTc prolongation (&lt;450 ms females, &lt;470 ms males); INR increase &lt; 4.5Kinetic effect (S) <br/></td></tr><tr><td> CYP2C9 *1/*3 </td><td> Standard loading dose. Reduce maintenance dose by 25%. Evaluate response and serum concentration after 7-10 days. Be alert to ADEs (e.g., ataxia, nystagmus, dysarthria, sedation) </td><td> Published controlled studies of good quality* relating to phenotyped and/or genotyped patients or healthy volunteers, and having relevant pharmacokinetic or clinical endpoints. </td><td> Clinical effect (S): long-standing discomfort (&gt; 168 hr), permanent symptom or invalidating injury e.g. failure of prophylaxis of atrial fibrillation; venous thromboembolism; decreased effect of clopidogrel on inhibition of platelet aggregation; ADE resulting from increased bioavailability of phenytoin; INR &gt; 6.0; neutropenia 0.5-1.0x10{^}9^/l; leucopenia 1.0-2.0x10{^}9^/l; thrombocytopenia 25-50x10{^}9^/l; severe diarrhea <br/></td></tr><tr><td> CYP2C9 *2/*3 </td><td> Standard loading dose. Reduce maintenance dose by 50%. Evaluate response and serum concentration after 7-10 days. Be alert to ADEs (e.g., ataxia, nystagmus, dysarthria, sedation) </td><td> Published controlled studies of good quality* relating to phenotyped and/or genotyped patients or healthy volunteers, and having relevant pharmacokinetic or clinical endpoints. </td><td> Minor clinical effect (S): QTc prolongation (&lt;450 ms females, &lt;470 ms males); INR increase &lt; 4.5Kinetic effect (S) <br/></td></tr><tr><td> CYP2C9 *3/*3 </td><td> Standard loading dose. Reduce maintenance dose by 50%. Evaluate response and serum concentration after 7-10 days. Be alert to ADEs (e.g., ataxia, nystagmus, dysarthria, sedation) </td><td> Published controlled studies of good quality* relating to phenotyped and/or genotyped patients or healthy volunteers, and having relevant pharmacokinetic or clinical endpoints. </td><td> Clinical effect (S): long-standing discomfort (&gt; 168 hr), permanent symptom or invalidating injury e.g. failure of prophylaxis of atrial fibrillation; venous thromboembolism; decreased effect of clopidogrel on inhibition of platelet aggregation; ADE resulting from increased bioavailability of phenytoin; INR &gt; 6.0; neutropenia 0.5-1.0x10{^}9^/l; leucopenia 1.0-2.0x10{^}9^/l; thrombocytopenia 25-50x10{^}9^/l; severe diarrhea <br/></td></tr></table><ul><li>*See <a href=\"http://www.pharmgkb.org/home/dutch_pharmacogenetics_working_group.jsp\">Methods</a> or <a href=\"http://www.pharmgkb.org/pmid/18253145\">PMID: 18253145</a> for definition of \"good quality.\"</li><li>S: statistically significant difference.</li></ul>"
}