{
  "objCls" : "Guideline",
  "@id" : "https://www.pharmgkb.org/data/guideline/PA166104985",
  "@context" : "https://www.pharmgkb.org/jsonld/guideline.jsonld",
  "id" : "PA166104985",
  "name" : "Dutch Pharmacogenetics Working Group Guideline for rabeprazole and CYP2C19",
  "relatedChemicals" : [ {
    "objCls" : "Chemical",
    "@id" : "https://www.pharmgkb.org/data/chemical/PA451216",
    "@context" : "https://www.pharmgkb.org/jsonld/chemical.jsonld",
    "id" : "PA451216",
    "name" : "rabeprazole"
  } ],
  "relatedGenes" : [ {
    "objCls" : "Gene",
    "@id" : "https://www.pharmgkb.org/data/gene/PA124",
    "@context" : "https://www.pharmgkb.org/jsonld/gene.jsonld",
    "id" : "PA124",
    "symbol" : "CYP2C19",
    "name" : "cytochrome P450, family 2, subfamily C, polypeptide 19"
  } ],
  "source" : "DPWG",
  "summaryHtml" : "<p>There are currently no dosing recommendations for rabeprazole based on CYP2C19 genotype.</p>",
  "textHtml" : "<p>The Royal Dutch Pharmacists Association - Pharmacogenetics Working Group has evaluated therapeutic dose recommendations for rabeprazole based on <em>CYP2C19</em> genotype [Article:<a href=\"/pmid/21412232\">21412232</a>].  They conclude that there are no recommendations at this time.</p><table class=\"table table-striped table-condensed table-hover table-bordered\"><tr><th> Phenotype (Genotype) </th><th> Therapeutic Dose Recommendation </th><th> Level of Evidence </th><th> Clinical Relevance </th></tr><tr><td> <em>CYP2C19</em> PM (*2/*2, *2/*3, *3/*3) </td><td> None </td><td> Published controlled studies of good quality* relating to phenotyped and/or genotyped patients or healthy volunteers, and having relevant pharmacokinetic or clinical endpoints </td><td> Positive clinical effects  </td></tr><tr><td> <em>CYP2C19</em> IM (*1/*2, *1/*3, *17/*2, *17/*3) </td><td> None </td><td> Published controlled studies of good quality* relating to phenotyped and/or genotyped patients or healthy volunteers, and having relevant pharmacokinetic or clinical endpoints </td><td> Clinical effect (not statistically significant difference); Kinetic effect (not statistically significant difference) </td></tr><tr><td> <em>CYP2C19</em> UM (*17/*17) </td><td>  None </td><td> no data was retrieved with the literature search </td><td> no data was retrieved with the literature search </td></tr></table><ul><li>*See <a href=\"http://www.pharmgkb.org/home/dutch_pharmacogenetics_working_group.jsp\">Methods</a> or <a href=\"http://www.pharmgkb.org/pmid/18253145\">PMID: 18253145</a> for definition of \"good quality.\"</li></ul>"
}