{
  "objCls" : "Guideline",
  "@id" : "https://www.pharmgkb.org/data/guideline/PA166104979",
  "@context" : "https://www.pharmgkb.org/jsonld/guideline.jsonld",
  "id" : "PA166104979",
  "name" : "Dutch Pharmacogenetics Working Group Guideline for acenocoumarol and CYP2C9",
  "relatedChemicals" : [ {
    "objCls" : "Chemical",
    "@id" : "https://www.pharmgkb.org/data/chemical/PA452632",
    "@context" : "https://www.pharmgkb.org/jsonld/chemical.jsonld",
    "id" : "PA452632",
    "name" : "acenocoumarol"
  } ],
  "relatedGenes" : [ {
    "objCls" : "Gene",
    "@id" : "https://www.pharmgkb.org/data/gene/PA126",
    "@context" : "https://www.pharmgkb.org/jsonld/gene.jsonld",
    "id" : "PA126",
    "symbol" : "CYP2C9",
    "name" : "cytochrome P450, family 2, subfamily C, polypeptide 9"
  } ],
  "source" : "DPWG",
  "summaryHtml" : "<p>Check INR more frequently after initiating or discontinuing NSAIDs in individuals taking acenocoumarol with at least one CYP2C9 *2 or *3 allele.</p>",
  "textHtml" : "<p>The Royal Dutch Pharmacists Association - Pharmacogenetics Working Group has evaluated therapeutic dose recommendations for acenocoumarol based on CYP2C9 genotype [Article:<a href=\"/pmid/21412232\">21412232</a>].</p><table class=\"table table-striped table-condensed table-hover table-bordered\"><tr><th> Genotype </th><th> Therapeutic Dose Recommendation </th><th> Level of Evidence </th><th> Clinical Relevance </th></tr><tr><td> CYP2C9 *1/*2 </td><td> Check INR more frequently after initiating or discontinuing NSAIDs </td><td> Published controlled studies of good quality* relating to phenotyped and/or genotyped patients or healthy volunteers, and having relevant pharmacokinetic or clinical endpoints. </td><td> Minor clinical effect (S): QTc prolongation (&lt;450 ms females, &lt;470 ms males); INR increase &lt; 4.5Kinetic effect (S) </td></tr><tr><td> CYP2C9 *2/*2 </td><td> Check INR more frequently after initiating or discontinuing NSAIDs </td><td> Published controlled studies of good quality* relating to phenotyped and/or genotyped patients or healthy volunteers, and having relevant pharmacokinetic or clinical endpoints. </td><td> Minor clinical effect (S): QTc prolongation (&lt;450 ms females, &lt;470 ms males); INR increase &lt; 4.5Kinetic effect (S) </td></tr><tr><td> CYP2C9 *1/*3 </td><td> Check INR more frequently after initiating or discontinuing NSAIDs </td><td> Published controlled studies of good quality* relating to phenotyped and/or genotyped patients or healthy volunteers, and having relevant pharmacokinetic or clinical endpoints. </td><td> Clinical effect (S): short-lived discomfort (&lt; 48 hr) without permanent injury: e.g. reduced decrease in resting heart rate; reduction in exercise tachycardia; decreased pain relief from oxycodone; ADE resulting from increased bioavailability of atomoxetine (decreased appetite, insomnia, sleep disturbance etc); neutropenia &gt; 1.5x10{^}9^/l; leucopenia &gt; 3.0x10{^}9^/l; thrombocytopenia  &gt; 75x10{^}9^/l; moderate diarrhea not affecting daily activities; reduced glucose increase following oral glucose tolerance test. </td></tr><tr><td> CYP2C9 *2/*3 </td><td> Check INR more frequently after initiating or discontinuing NSAIDs </td><td> Published controlled studies of good quality* relating to phenotyped and/or genotyped patients or healthy volunteers, and having relevant pharmacokinetic or clinical endpoints. </td><td> Minor clinical effect (S): QTc prolongation (&lt;450 ms females, &lt;470 ms males); INR increase &lt; 4.5Kinetic effect (S) </td></tr><tr><td> CYP2C9 *3/*3 </td><td> Check INR more frequently during dose titration and after initiating or discontinuing NSAIDs </td><td> Published controlled studies of good quality* relating to phenotyped and/or genotyped patients or healthy volunteers, and having relevant pharmacokinetic or clinical endpoints. </td><td> Minor clinical effect (S): QTc prolongation (&lt;450 ms females, &lt;470 ms males); INR increase &lt; 4.5Kinetic effect (S) </td></tr></table><ul><li>*See <a href=\"http://www.pharmgkb.org/home/dutch_pharmacogenetics_working_group.jsp\">Methods</a> or <a href=\"http://www.pharmgkb.org/pmid/18253145\">PMID: 18253145</a> for definition of \"good quality.\"</li><li>S: statistically significant difference.</li><li>Please see attached PDF for detailed information about the evaluated studies: <a href=\"/download.do?objCls=Attachment&amp;objId=acenocoumarol_CYP2C9_271111.pdf\" title=\"link tip\">Acenocoumarol CYP2C9</a></li></ul>"
}