{
  "objCls" : "Guideline",
  "@id" : "https://www.pharmgkb.org/data/guideline/PA166104966",
  "@context" : "https://www.pharmgkb.org/jsonld/guideline.jsonld",
  "id" : "PA166104966",
  "name" : "Dutch Pharmacogenetics Working Group Guideline for tamoxifen and CYP2D6",
  "relatedChemicals" : [ {
    "objCls" : "Chemical",
    "@id" : "https://www.pharmgkb.org/data/chemical/PA451581",
    "@context" : "https://www.pharmgkb.org/jsonld/chemical.jsonld",
    "id" : "PA451581",
    "name" : "tamoxifen"
  } ],
  "relatedGenes" : [ {
    "objCls" : "Gene",
    "@id" : "https://www.pharmgkb.org/data/gene/PA128",
    "@context" : "https://www.pharmgkb.org/jsonld/gene.jsonld",
    "id" : "PA128",
    "symbol" : "CYP2D6",
    "name" : "cytochrome P450, family 2, subfamily D, polypeptide 6"
  } ],
  "source" : "DPWG",
  "summaryHtml" : "<p>For CYP2D6 poor and intermediate metabolizers, consider using aromatase inhibitors for postmenopausal women due to increased risk for relapse of breast cancer with tamoxifen. For intermediate metabolizers, avoid concomitant CYP2D6 inhibitor use.</p>",
  "textHtml" : "<p>The Royal Dutch Pharmacists Association - Pharmacogenetics Working Group has evaluated therapeutic dose recommendations for tamoxifen based on CYP2D6 genotypes [Article:<a href=\"/pmid/21412232\">21412232</a>].  For PM and IM genotypes, they recommend considering using aromatase inhibitors for postmenopausal women due to increased risk for relapse of breast cancer with tamoxifen.  For IM genotypes, they recommend avoiding concomitant CYP2D6 inhibitor use.</p><table class=\"table table-striped table-condensed table-hover table-bordered\"><tr><th> Phenotype (Genotype) </th><th> Therapeutic Dose Recommendation </th><th> Level of Evidence </th><th> Clinical Relevance </th></tr><tr><td> PM (two inactive (*3-*8, *11-*16, *19-*21, *38, *40, *42) alleles) </td><td> Increased risk for relapse of breast cancer. Consider aromatase inhibitor for postmenopausal women. </td><td> Published controlled studies of good quality* relating to phenotyped and/or genotyped patients or healthy volunteers, and having relevant pharmacokinetic or clinical endpoints. </td><td> Clinical effect (S): Failure of lifesaving therapy e.g. anticipated myelosuppression; prevention of breast cancer relapse; arrhythmia; neutropenia &lt; 0.5x109/l; leucopenia &lt; 1.0x109/l; thrombocytopenia &lt; 25x109/l; life-threatening complications from diarrhea.</td></tr><tr><td> IM (two decreased-activity (*9, *10, *17, *29, *36, *41) alleles or carrying one active (*1, *2, *33, *35) and one inactive (*3-*8, *11-*16, *19-*21, *38, *40, *42) allele, or carrying one decreased-activity (*9, *10, *17, *29, *36, *41) allele and one inactive (*3-*8, *11-*16, *19-*21, *38, *40, *42) allele) </td><td> Increased risk for relapse of breast cancer. Avoid concomitant use of CYP2D6 inhibitors. Consider aromatase inhibitor for postmenopausal women. </td><td> Published controlled studies of good quality* relating to phenotyped and/or genotyped patients or healthy volunteers, and having relevant pharmacokinetic or clinical endpoints. </td><td>Clinical effect (S): Failure of lifesaving therapy e.g. anticipated myelosuppression; prevention of breast cancer relapse; arrhythmia; neutropenia &lt; 0.5x109/l; leucopenia &lt; 1.0x109/l; thrombocytopenia &lt; 25x109/l; life-threatening complications from diarrhea. </td></tr><tr><td> UM (a gene duplication in absence of inactive (*3-*8, *11-*16, *19-*21, *38, *40, *42) or decreased-activity (*9, *10, *17, *29, *36, *41) alleles) </td><td> No. </td><td> Published controlled studies of good quality* relating to phenotyped and/or genotyped patients or healthy volunteers, and having relevant pharmacokinetic or clinical endpoints. </td><td>Minor clinical effect (S): QTc prolongation (&lt;450 ms female, &lt;470 ms male); INR increase &lt; 4.5.  Kinetic effect (S).</td></tr></table><ul><li>*See <a href=\"http://www.pharmgkb.org/home/dutch_pharmacogenetics_working_group.jsp\">Methods</a> or <a href=\"http://www.pharmgkb.org/pmid/18253145\">PMID: 18253145</a> for definition of \"good quality.\"</li><li>S: statistically significant difference.</li></ul>"
}