{
  "objCls" : "Guideline",
  "@id" : "https://www.pharmgkb.org/data/guideline/PA166104952",
  "@context" : "https://www.pharmgkb.org/jsonld/guideline.jsonld",
  "id" : "PA166104952",
  "name" : "Dutch Pharmacogenetics Working Group Guideline for mercaptopurine and TPMT",
  "relatedChemicals" : [ {
    "objCls" : "Chemical",
    "@id" : "https://www.pharmgkb.org/data/chemical/PA450379",
    "@context" : "https://www.pharmgkb.org/jsonld/chemical.jsonld",
    "id" : "PA450379",
    "name" : "mercaptopurine"
  } ],
  "relatedGenes" : [ {
    "objCls" : "Gene",
    "@id" : "https://www.pharmgkb.org/data/gene/PA356",
    "@context" : "https://www.pharmgkb.org/jsonld/gene.jsonld",
    "id" : "PA356",
    "symbol" : "TPMT",
    "name" : "thiopurine S-methyltransferase"
  } ],
  "source" : "DPWG",
  "summaryHtml" : "<p>Select an alternative drug or reduce the initial dose for intermediate or poor metabolizers.</p>",
  "textHtml" : "<p>The Royal Dutch Pharmacists Association - Pharmacogenetics Working Group has evaluated therapeutic dose recommendations for mercaptopurine based on TPMT genotype [Article:<a href=\"/pmid/21412232\">21412232</a>].  They recommend selecting an alternative drug or reducing the initial dose for patients carrying inactive alleles.</p><table class=\"table table-striped table-condensed table-hover table-bordered\"><tr><th> Phenotype (Genotype) </th><th> Therapeutic Dose Recommendation </th><th> Level of Evidence </th><th> Clinical Relevance </th></tr><tr><td> IM (one inactive allele: *2, *3, *4-*18) </td><td> Select alternative drug or reduce dose by 50%. Increase dose in response of hematologic monitoring and efficacy. </td><td> Published controlled studies of good quality* relating to phenotyped and/or genotyped patients or healthy volunteers, and having relevant pharmacokinetic or clinical endpoints. </td><td> Clinical effect (S): Failure of lifesaving therapy e.g. anticipated myelosuppression; prevention of breast cancer relapse; arrhythmia; neutropenia &lt; 0.5x109/l; leucopenia &lt; 1.0x109/l; thrombocytopenia &lt; 25x109/l; life-threatening complications from diarrhea. </td></tr><tr><td> PM (two inactive alleles: *2, *3, *4-*18) </td><td> Select alternative drug or reduce dose by 90%. Increase dose in response of hematologic monitoring and efficacy. </td><td> Published controlled studies of good quality* relating to phenotyped and/or genotyped patients or healthy volunteers, and having relevant pharmacokinetic or clinical endpoints. </td><td> Clinical effect (S): death; arrhythmia; unanticipated myelosuppression. </td></tr></table><ul><li>*See <a href=\"http://www.pharmgkb.org/home/dutch_pharmacogenetics_working_group.jsp\">Methods</a> or <a href=\"http://www.pharmgkb.org/pmid/18253145\">PMID: 18253145</a> for definition of \"good quality.\"</li><li>S: statistically significant difference.</li></ul>"
}